sess,plat,gender,age_group,weight_category,age_group_weight_category,estimated_entry_totals_(min___max),meet
1,Red,F,OPEN,49kg & 53kg B,49kg & 53kg B,60-96,"2026 Virus Weightlifting Series 2, Powered by Rogue Fitness"
1,White,F,OPEN,57kg C,57kg C,49-100,"2026 Virus Weightlifting Series 2, Powered by Rogue Fitness"
1,Blue,M,OPEN,60kg & 65kg B,60kg & 65kg B,68-190,"2026 Virus Weightlifting Series 2, Powered by Rogue Fitness"
2,Red,M,OPEN,70kg B,70kg B,102-195,"2026 Virus Weightlifting Series 2, Powered by Rogue Fitness"
2,White,F,OPEN,57kg B,57kg B,100-118,"2026 Virus Weightlifting Series 2, Powered by Rogue Fitness"
2,Blue,M,OPEN,75kg D,75kg D,73-180,"2026 Virus Weightlifting Series 2, Powered by Rogue Fitness"
3,Red,F,OPEN,49kg & 53kg A,49kg & 53kg A,99-185,"2026 Virus Weightlifting Series 2, Powered by Rogue Fitness"
3,White,F,OPEN,69kg E,69kg E,50-110,"2026 Virus Weightlifting Series 2, Powered by Rogue Fitness"
3,Blue,M,OPEN,60kg & 65kg A,60kg & 65kg A,190-250,"2026 Virus Weightlifting Series 2, Powered by Rogue Fitness"
4,Red,F,OPEN,57kg A,57kg A,120-148,"2026 Virus Weightlifting Series 2, Powered by Rogue Fitness"
4,White,F,OPEN,69kg D,69kg D,110-130,"2026 Virus Weightlifting Series 2, Powered by Rogue Fitness"
4,Blue,F,OPEN,61kg D,61kg D,60-110,"2026 Virus Weightlifting Series 2, Powered by Rogue Fitness"
5,Red,M,OPEN,70kg A,70kg A,199-300,"2026 Virus Weightlifting Series 2, Powered by Rogue Fitness"
5,White,F,OPEN,69kg C,69kg C,130-150,"2026 Virus Weightlifting Series 2, Powered by Rogue Fitness"
5,Blue,F,OPEN,61kg C,61kg C,112-128,"2026 Virus Weightlifting Series 2, Powered by Rogue Fitness"
6,Red,M,OPEN,75kg C,75kg C,180-205,"2026 Virus Weightlifting Series 2, Powered by Rogue Fitness"
6,White,F,OPEN,69kg B,69kg B,150-165,"2026 Virus Weightlifting Series 2, Powered by Rogue Fitness"
6,Blue,F,OPEN,61kg B,61kg B,128-145,"2026 Virus Weightlifting Series 2, Powered by Rogue Fitness"
7,Red,M,OPEN,75kg B,75kg B,210-220,"2026 Virus Weightlifting Series 2, Powered by Rogue Fitness"
7,White,F,OPEN,69kg A,69kg A,165-215,"2026 Virus Weightlifting Series 2, Powered by Rogue Fitness"
7,Blue,F,OPEN,61kg A,61kg A,155-210,"2026 Virus Weightlifting Series 2, Powered by Rogue Fitness"
8,Red,F,U13,30kg-45kg,30kg-45kg,0-89,"2026 Virus Weightlifting Series 2, Powered by Rogue Fitness"
8,White,F,U13,49kg-61+kg,49kg-61+kg,49-112,"2026 Virus Weightlifting Series 2, Powered by Rogue Fitness"
8,Blue,M,U13,All,All,35-150,"2026 Virus Weightlifting Series 2, Powered by Rogue Fitness"
9,Red,F,14-15yo,All,All,62-145,"2026 Virus Weightlifting Series 2, Powered by Rogue Fitness"
9,White,F,OPEN,77kg F,77kg F,55-100,"2026 Virus Weightlifting Series 2, Powered by Rogue Fitness"
9,Blue,F,16-17yo,41kg-61kg,41kg-61kg,0-157,"2026 Virus Weightlifting Series 2, Powered by Rogue Fitness"
10,Red,M,14-15yo,All,All,0-230,"2026 Virus Weightlifting Series 2, Powered by Rogue Fitness"
10,White,F,OPEN,77kg E,77kg E,100-120,"2026 Virus Weightlifting Series 2, Powered by Rogue Fitness"
10,Blue,M,OPEN,85kg E,85kg E,0-180,"2026 Virus Weightlifting Series 2, Powered by Rogue Fitness"
11,Red,M,OPEN,75kg A,75kg A,225-300,"2026 Virus Weightlifting Series 2, Powered by Rogue Fitness"
11,White,F,OPEN,77kg D,77kg D,120-132,"2026 Virus Weightlifting Series 2, Powered by Rogue Fitness"
11,Blue,M,OPEN,85kg D,85kg D,181-200,"2026 Virus Weightlifting Series 2, Powered by Rogue Fitness"
12,Red,F,16-17yo,69kg-77+kg,69kg-77+kg,89-150,"2026 Virus Weightlifting Series 2, Powered by Rogue Fitness"
12,White,F,OPEN,77kg C,77kg C,133-146,"2026 Virus Weightlifting Series 2, Powered by Rogue Fitness"
12,Blue,M,OPEN,85kg C,85kg C,200-216,"2026 Virus Weightlifting Series 2, Powered by Rogue Fitness"
13,Red,M,16-17yo,55kg-75kg,55kg-75kg,91-235,"2026 Virus Weightlifting Series 2, Powered by Rogue Fitness"
13,White,F,OPEN,77kg B,77kg B,150-162,"2026 Virus Weightlifting Series 2, Powered by Rogue Fitness"
13,Blue,M,OPEN,85kg B,85kg B,220-250,"2026 Virus Weightlifting Series 2, Powered by Rogue Fitness"
14,Red,M,16-17yo,85kg-95+kg,85kg-95+kg,145-300,"2026 Virus Weightlifting Series 2, Powered by Rogue Fitness"
14,White,F,OPEN,77kg A,77kg A,165-235,"2026 Virus Weightlifting Series 2, Powered by Rogue Fitness"
14,Blue,M,OPEN,85kg A,85kg A,255-310,"2026 Virus Weightlifting Series 2, Powered by Rogue Fitness"
15,Red,M,OPEN,95kg E,95kg E,70-190,"2026 Virus Weightlifting Series 2, Powered by Rogue Fitness"
15,White,F,OPEN,86kg D,86kg D,50-110,"2026 Virus Weightlifting Series 2, Powered by Rogue Fitness"
15,Blue,F,OPEN,86+kg C,86+kg C,80-139,"2026 Virus Weightlifting Series 2, Powered by Rogue Fitness"
16,Red,M,OPEN,95kg D,95kg D,190-219,"2026 Virus Weightlifting Series 2, Powered by Rogue Fitness"
16,White,F,OPEN,86kg C,86kg C,112-135,"2026 Virus Weightlifting Series 2, Powered by Rogue Fitness"
16,Blue,M,OPEN,110kg C,110kg C,0-230,"2026 Virus Weightlifting Series 2, Powered by Rogue Fitness"
17,Red,M,OPEN,95kg C,95kg C,220-235,"2026 Virus Weightlifting Series 2, Powered by Rogue Fitness"
17,White,F,OPEN,86kg B,86kg B,135-150,"2026 Virus Weightlifting Series 2, Powered by Rogue Fitness"
17,Blue,M,OPEN,110kg B,110kg B,230-256,"2026 Virus Weightlifting Series 2, Powered by Rogue Fitness"
18,Red,M,OPEN,95kg B,95kg B,237-270,"2026 Virus Weightlifting Series 2, Powered by Rogue Fitness"
18,White,F,OPEN,86+kg B,86+kg B,140-165,"2026 Virus Weightlifting Series 2, Powered by Rogue Fitness"
18,Blue,F,OPEN,86kg A,86kg A,150-212,"2026 Virus Weightlifting Series 2, Powered by Rogue Fitness"
19,Red,M,OPEN,95kg A,95kg A,270-360,"2026 Virus Weightlifting Series 2, Powered by Rogue Fitness"
19,White,F,OPEN,86+kg A,86+kg A,166-210,"2026 Virus Weightlifting Series 2, Powered by Rogue Fitness"
19,Blue,M,OPEN,110+kg B,110+kg B,180-250,"2026 Virus Weightlifting Series 2, Powered by Rogue Fitness"
20,Red,M,OPEN,110kg A,110kg A,258-305,"2026 Virus Weightlifting Series 2, Powered by Rogue Fitness"
20,White,M,OPEN,110+kg A,110+kg A,250-340,"2026 Virus Weightlifting Series 2, Powered by Rogue Fitness"
