member_id,name,age,club,gender,weight_class,entry_total,session_number,session_platform,meet,adaptive,wso
1024431,Aaron Denney,38.0,ALLSOUTH Barbell,Male,85,245.0,13,Blue,"2026 Virus Weightlifting Series 2, Powered by Rogue Fitness",False,
196501,Aaron Gatdula,39.0,Vice Weightlifting,Male,75,197.0,6,Red,"2026 Virus Weightlifting Series 2, Powered by Rogue Fitness",False,
199866,Aaron Rivero,40.0,San Marcos Barbell Club,Male,65,215.0,3,Blue,"2026 Virus Weightlifting Series 2, Powered by Rogue Fitness",False,
138272,Abby Boon,39.0,Pure Health Barbell,Female,+86,138.0,15,Blue,"2026 Virus Weightlifting Series 2, Powered by Rogue Fitness",False,
143757,Adam Baggao,39.0,Unaffiliated,Male,75,195.0,6,Red,"2026 Virus Weightlifting Series 2, Powered by Rogue Fitness",False,
1075006,Adam Beltran,41.0,Stonehenge Weightlifting,Male,+110,220.0,19,Blue,"2026 Virus Weightlifting Series 2, Powered by Rogue Fitness",False,
1040066,Adam Cosentino,43.0,Unaffiliated,Male,95,200.0,16,Red,"2026 Virus Weightlifting Series 2, Powered by Rogue Fitness",False,
1085748,Adam Huddleston,45.0,Unaffiliated,Male,95,195.0,16,Red,"2026 Virus Weightlifting Series 2, Powered by Rogue Fitness",False,
1078477,Adam Hurst,41.0,Vektløfter Barbell,Male,85,164.0,10,Blue,"2026 Virus Weightlifting Series 2, Powered by Rogue Fitness",False,
1078938,Adam Wilkinson,12.0,Spoon Barbell Club,Male,40,50.0,8,Blue,"2026 Virus Weightlifting Series 2, Powered by Rogue Fitness",False,
1078191,Addison Barningham,20.0,Unaffiliated,Female,77,150.0,13,White,"2026 Virus Weightlifting Series 2, Powered by Rogue Fitness",False,
1087300,Adhithi Ganesan,24.0,Queens Barbell,Female,77,130.0,11,White,"2026 Virus Weightlifting Series 2, Powered by Rogue Fitness",False,
1074819,Adia Tomlinson,19.0,Bexar Barbell,Female,53,155.0,3,Red,"2026 Virus Weightlifting Series 2, Powered by Rogue Fitness",False,
220084,Ahje Palmer,47.0,BARBARIAN BARBELL CLUB,Male,110,240.0,17,Blue,"2026 Virus Weightlifting Series 2, Powered by Rogue Fitness",False,
1019708,Aimee Wong,35.0,Stonehenge Weightlifting,Female,61,137.0,6,Blue,"2026 Virus Weightlifting Series 2, Powered by Rogue Fitness",False,
1026366,Albert Chun,40.0,MURDER OF CROWS,Male,110,270.0,20,Red,"2026 Virus Weightlifting Series 2, Powered by Rogue Fitness",False,
221316,Albert Dunlap,80.0,PARAMOUNT BARBELL CLUB,Male,95,70.0,15,Red,"2026 Virus Weightlifting Series 2, Powered by Rogue Fitness",False,
1058763,Aldo Ayala,32.0,Houston Weightlifting Academy,Male,75,210.0,7,Red,"2026 Virus Weightlifting Series 2, Powered by Rogue Fitness",False,
1063526,Alejandra Yablonski,40.0,Shoofly Barbell Club,Female,86,113.0,16,White,"2026 Virus Weightlifting Series 2, Powered by Rogue Fitness",False,
1071237,Alejandro Pasillas,28.0,Hunger in the Wild,Male,70,205.0,5,Red,"2026 Virus Weightlifting Series 2, Powered by Rogue Fitness",False,
1084611,Alejandro Travieso,16.0,Iron Brotherhood,Male,85,300.0,14,Red,"2026 Virus Weightlifting Series 2, Powered by Rogue Fitness",False,
1059024,Alexander Baron,41.0,Unaffiliated,Male,85,167.0,10,Blue,"2026 Virus Weightlifting Series 2, Powered by Rogue Fitness",False,
1082674,ALEXANDER BOSCO,30.0,BlueWave Weightlifting,Male,+110,236.0,19,Blue,"2026 Virus Weightlifting Series 2, Powered by Rogue Fitness",False,
1084582,Alexander Guzman,29.0,RVA Weightlifting,Male,+110,250.0,19,Blue,"2026 Virus Weightlifting Series 2, Powered by Rogue Fitness",False,
1056794,Alexandra Ivanova,28.0,MILLER WEIGHTLIFTING,Female,49,95.0,1,Red,"2026 Virus Weightlifting Series 2, Powered by Rogue Fitness",False,
1005027,Alexandra Navaja,32.0,Vice Weightlifting,Female,+86,139.0,15,Blue,"2026 Virus Weightlifting Series 2, Powered by Rogue Fitness",False,
1026670,Alexia Gonzalez,31.0,Category 5 Athletics,Female,69,215.0,7,White,"2026 Virus Weightlifting Series 2, Powered by Rogue Fitness",False,
1039846,Alexxandra Ballard,14.0,Bull Strength Barbell,Female,+77,110.0,9,Red,"2026 Virus Weightlifting Series 2, Powered by Rogue Fitness",False,
1058183,Alicia Mock,27.0,Queens Barbell,Female,77,145.0,12,White,"2026 Virus Weightlifting Series 2, Powered by Rogue Fitness",False,
1069446,Allen Hernandez,24.0,San Marcos Barbell Club,Male,95,220.0,17,Red,"2026 Virus Weightlifting Series 2, Powered by Rogue Fitness",False,
1000992,Allie Rose Grodzki,38.0,Unaffiliated,Female,61,134.0,6,Blue,"2026 Virus Weightlifting Series 2, Powered by Rogue Fitness",False,
1083958,Allisdair Davies,12.0,Mach10 Weightlifting Club,Male,55,70.0,8,Blue,"2026 Virus Weightlifting Series 2, Powered by Rogue Fitness",False,
1053075,Allison Kelley,33.0,Strong Weightlifting,Female,69,160.0,6,White,"2026 Virus Weightlifting Series 2, Powered by Rogue Fitness",False,
1076433,Alyissa Wilson,28.0,Tank Performance and Weightlifting,Female,86,150.0,17,White,"2026 Virus Weightlifting Series 2, Powered by Rogue Fitness",False,
1017851,Alyssa Ballard,22.0,Bull Strength Barbell,Female,69,200.0,7,White,"2026 Virus Weightlifting Series 2, Powered by Rogue Fitness",False,
1085021,Alyssa Behmanesh,32.0,Unaffiliated,Female,57,105.0,2,White,"2026 Virus Weightlifting Series 2, Powered by Rogue Fitness",False,
1086233,Alyssa Rocha,27.0,Vehement Elite Athletics,Female,86,136.0,17,White,"2026 Virus Weightlifting Series 2, Powered by Rogue Fitness",False,
1087071,Alyssa Rosario,13.0,EAST COAST GOLD W/L TEAM,Female,61,71.0,8,White,"2026 Virus Weightlifting Series 2, Powered by Rogue Fitness",False,
1081890,Alysse Dennis,16.0,Pure Health Barbell,Female,69,114.0,12,Red,"2026 Virus Weightlifting Series 2, Powered by Rogue Fitness",False,
1007644,Amanda Roberts,39.0,POWER AND GRACE PERFORMANCE.,Female,+86,185.0,19,White,"2026 Virus Weightlifting Series 2, Powered by Rogue Fitness",False,
1029270,Amanda Robles,22.0,HASSLE FREE BBC,Female,86,180.0,18,Blue,"2026 Virus Weightlifting Series 2, Powered by Rogue Fitness",False,
1077288,AMARIAH HERNANDEZ,18.0,Bull Strength Barbell,Female,53,100.0,3,Red,"2026 Virus Weightlifting Series 2, Powered by Rogue Fitness",False,
1081567,Amber Stroh,22.0,PIONEER WLC,Female,86,137.0,17,White,"2026 Virus Weightlifting Series 2, Powered by Rogue Fitness",False,
1039501,Amy Haberstich,38.0,Unaffiliated,Female,86,120.0,16,White,"2026 Virus Weightlifting Series 2, Powered by Rogue Fitness",False,
190232,Amy Hadsell,50.0,Vektløfter Barbell,Female,57,110.0,2,White,"2026 Virus Weightlifting Series 2, Powered by Rogue Fitness",False,
1073644,Amy Livingston,40.0,Heroic Barbell,Female,53,128.0,3,Red,"2026 Virus Weightlifting Series 2, Powered by Rogue Fitness",False,
1033584,Amy Schultheis,47.0,Eastside Barbell,Female,86,104.0,15,White,"2026 Virus Weightlifting Series 2, Powered by Rogue Fitness",False,
1080377,Ana Whisenant,31.0,Texas A&M Aggie Weightlifting,Female,69,130.0,4,White,"2026 Virus Weightlifting Series 2, Powered by Rogue Fitness",False,
1056064,Andia Azimi,39.0,Unaffiliated,Female,+86,152.0,18,White,"2026 Virus Weightlifting Series 2, Powered by Rogue Fitness",False,
1004590,Andrew Guevara,29.0,Vice Weightlifting,Male,110,250.0,17,Blue,"2026 Virus Weightlifting Series 2, Powered by Rogue Fitness",False,
1000500,Andrew Robinson,44.0,EMINENCE BARBELL CLUB,Male,75,180.0,6,Red,"2026 Virus Weightlifting Series 2, Powered by Rogue Fitness",False,
1002646,Andrew Stegelmann,35.0,Stegelmann Performance,Male,85,260.0,14,Blue,"2026 Virus Weightlifting Series 2, Powered by Rogue Fitness",False,
1074588,Andrew Stephen,28.0,Unaffiliated,Male,95,285.0,19,Red,"2026 Virus Weightlifting Series 2, Powered by Rogue Fitness",False,
198416,Andrew Tipon,36.0,HI PERFORMANCE ATHLETICS,Male,85,270.0,14,Blue,"2026 Virus Weightlifting Series 2, Powered by Rogue Fitness",False,
1019857,angela beechum,55.0,BlueWave Weightlifting,Female,77,88.0,9,White,"2026 Virus Weightlifting Series 2, Powered by Rogue Fitness",False,
207816,Angela Farinacci,33.0,Unaffiliated,Female,57,118.0,2,White,"2026 Virus Weightlifting Series 2, Powered by Rogue Fitness",False,
1081027,Angel Vazquez,20.0,LSU - Shreveport,Male,60,180.0,1,Blue,"2026 Virus Weightlifting Series 2, Powered by Rogue Fitness",False,
1083943,Anna Klein,22.0,Texas A&M Aggie Weightlifting,Female,69,123.0,4,White,"2026 Virus Weightlifting Series 2, Powered by Rogue Fitness",False,
1051626,Anna Oberkircher,30.0,POWER AND GRACE PERFORMANCE.,Female,86,132.0,16,White,"2026 Virus Weightlifting Series 2, Powered by Rogue Fitness",False,
1023132,Anna Shiffler,23.0,Shoofly Barbell Club,Female,69,130.0,4,White,"2026 Virus Weightlifting Series 2, Powered by Rogue Fitness",False,
1057442,Anthony Bravo,30.0,Unaffiliated,Male,75,240.0,11,Red,"2026 Virus Weightlifting Series 2, Powered by Rogue Fitness",False,
1054513,Antoine Nguyen,31.0,Standard Strength,Male,85,220.0,13,Blue,"2026 Virus Weightlifting Series 2, Powered by Rogue Fitness",False,
1059491,Archer Praetorius,14.0,Pure Health Barbell,Male,60,115.0,10,Red,"2026 Virus Weightlifting Series 2, Powered by Rogue Fitness",False,
1081311,Arianna Meade,21.0,DSP Barbell Club,Female,69,125.0,4,White,"2026 Virus Weightlifting Series 2, Powered by Rogue Fitness",False,
1077141,Armando Ordonez,53.0,Stonehenge Weightlifting,Male,95,180.0,15,Red,"2026 Virus Weightlifting Series 2, Powered by Rogue Fitness",False,
1082862,Armando Rousseau,55.0,Leo's Den,Male,85,115.0,10,Blue,"2026 Virus Weightlifting Series 2, Powered by Rogue Fitness",False,
1059284,Arthi Nithi,30.0,MURDER OF CROWS,Female,77,160.0,13,White,"2026 Virus Weightlifting Series 2, Powered by Rogue Fitness",False,
1013277,Ashantai Ellis,33.0,Austin Barbell,Female,+86,180.0,19,White,"2026 Virus Weightlifting Series 2, Powered by Rogue Fitness",False,
1033757,Asher Hayhoe,18.0,Nashville Weightlifting Club,Male,85,0.0,10,Blue,"2026 Virus Weightlifting Series 2, Powered by Rogue Fitness",False,
1067093,Ashlee Kim,37.0,BLACK & RED BARBELL CLUB,Female,61,125.0,5,Blue,"2026 Virus Weightlifting Series 2, Powered by Rogue Fitness",False,
1084109,Ashley Smith,30.0,Houston Weightlifting Academy,Female,86,175.0,18,Blue,"2026 Virus Weightlifting Series 2, Powered by Rogue Fitness",False,
1082633,Aubrey Junell,16.0,Bull Strength Barbell,Female,69,89.0,12,Red,"2026 Virus Weightlifting Series 2, Powered by Rogue Fitness",False,
1058851,Aurelia Bujanda,13.0,Bujanda Strong,Female,53,112.0,8,White,"2026 Virus Weightlifting Series 2, Powered by Rogue Fitness",False,
1084159,Austin Buckley,19.0,TEXAS BARBELL CLUB,Male,75,180.0,6,Red,"2026 Virus Weightlifting Series 2, Powered by Rogue Fitness",False,
1071067,Autumn Lester,29.0,Unaffiliated,Female,86,140.0,17,White,"2026 Virus Weightlifting Series 2, Powered by Rogue Fitness",False,
1063674,Ava Biesterfeld,24.0,Team Strength Works,Female,77,235.0,14,White,"2026 Virus Weightlifting Series 2, Powered by Rogue Fitness",False,
1086200,Azalia Vincent,48.0,Unaffiliated,Female,69,102.0,3,White,"2026 Virus Weightlifting Series 2, Powered by Rogue Fitness",False,
1074606,Bailly Coons,36.0,Anchored and Risen Barbell Club,Female,77,130.0,11,White,"2026 Virus Weightlifting Series 2, Powered by Rogue Fitness",False,
1056596,Barbara Rivers,73.0,Fortis Weightlifting Club,Female,57,50.0,1,White,"2026 Virus Weightlifting Series 2, Powered by Rogue Fitness",False,
1081028,Baylee Knorr,24.0,Pure Health Barbell,Female,77,160.0,13,White,"2026 Virus Weightlifting Series 2, Powered by Rogue Fitness",False,
1061997,Benjamin Engelbracht,24.0,Floyd Farms Weightlifting,Male,75,225.0,11,Red,"2026 Virus Weightlifting Series 2, Powered by Rogue Fitness",False,
221565,Ben Quachtran,32.0,MURDER OF CROWS,Male,75,192.0,6,Red,"2026 Virus Weightlifting Series 2, Powered by Rogue Fitness",False,
201423,Benson Robles,31.0,Dirty Durham Barbell,Male,95,310.0,19,Red,"2026 Virus Weightlifting Series 2, Powered by Rogue Fitness",False,
1001251,Beth Kroman,35.0,BLACK & RED BARBELL CLUB,Female,53,105.0,3,Red,"2026 Virus Weightlifting Series 2, Powered by Rogue Fitness",False,
163167,Beth Smith,48.0,Team Juanatas-Bowens,Female,77,112.0,10,White,"2026 Virus Weightlifting Series 2, Powered by Rogue Fitness",False,
1057034,Betsy Kuhns,32.0,TEXAS BARBELL CLUB,Female,86,150.0,17,White,"2026 Virus Weightlifting Series 2, Powered by Rogue Fitness",False,
1068147,Blake Stewart,20.0,PIONEER WLC,Male,110,275.0,20,Red,"2026 Virus Weightlifting Series 2, Powered by Rogue Fitness",False,
1083929,Bleu Williams,7.0,Bull Strength Barbell,Male,32,35.0,8,Blue,"2026 Virus Weightlifting Series 2, Powered by Rogue Fitness",False,
1078508,Bobbie Catalano,45.0,Tri State Barbell,Female,69,91.0,3,White,"2026 Virus Weightlifting Series 2, Powered by Rogue Fitness",False,
1046059,Bodie Stegelmann,61.0,Stegelmann Performance,Male,110,165.0,16,Blue,"2026 Virus Weightlifting Series 2, Powered by Rogue Fitness",False,
1086274,Bolton Swisher,13.0,Pure Health Barbell,Male,65,70.0,8,Blue,"2026 Virus Weightlifting Series 2, Powered by Rogue Fitness",False,
1057599,Bradford Chew,31.0,Standard Strength,Male,85,240.0,13,Blue,"2026 Virus Weightlifting Series 2, Powered by Rogue Fitness",False,
1080035,Brady Grams,20.0,Unaffiliated,Male,110,230.0,17,Blue,"2026 Virus Weightlifting Series 2, Powered by Rogue Fitness",False,
1063424,Brenda Trevino,51.0,Houston Weightlifting Academy,Female,53,95.0,1,Red,"2026 Virus Weightlifting Series 2, Powered by Rogue Fitness",False,
1076681,Brenden Wilson,20.0,Unaffiliated,Male,110,220.0,16,Blue,"2026 Virus Weightlifting Series 2, Powered by Rogue Fitness",False,
1063642,Brett Miquelon,39.0,Pure Health Barbell,Male,95,245.0,18,Red,"2026 Virus Weightlifting Series 2, Powered by Rogue Fitness",False,
1069984,Brianna Bowens,12.0,KC WEIGHTLIFTING,Female,61,76.0,8,White,"2026 Virus Weightlifting Series 2, Powered by Rogue Fitness",False,
1036888,Brie Gomez,26.0,TEXAS BARBELL CLUB,Female,69,185.0,7,White,"2026 Virus Weightlifting Series 2, Powered by Rogue Fitness",False,
1073694,Brittany Disch,36.0,Group III Barbell,Female,77,145.0,12,White,"2026 Virus Weightlifting Series 2, Powered by Rogue Fitness",False,
1044313,Brittany Mutton,41.0,Valhalla Weightlifting,Female,69,135.0,5,White,"2026 Virus Weightlifting Series 2, Powered by Rogue Fitness",False,
1087430,Brock Anderson,17.0,Austin Barbell,Male,85,145.0,14,Red,"2026 Virus Weightlifting Series 2, Powered by Rogue Fitness",False,
1079566,Brody Head,20.0,TEXAS BARBELL CLUB,Male,85,240.0,13,Blue,"2026 Virus Weightlifting Series 2, Powered by Rogue Fitness",False,
1025295,Bryan Cuellar,33.0,BARBARIAN BARBELL CLUB,Male,85,286.0,14,Blue,"2026 Virus Weightlifting Series 2, Powered by Rogue Fitness",False,
1070898,Bryce Hovorka,19.0,LSU - Shreveport,Male,85,250.0,13,Blue,"2026 Virus Weightlifting Series 2, Powered by Rogue Fitness",False,
1031770,Caitlyn Cash,30.0,Pure Health Barbell,Female,86,160.0,18,Blue,"2026 Virus Weightlifting Series 2, Powered by Rogue Fitness",False,
1020990,cameron williams,38.0,OKC BARBELL CLUB,Male,85,240.0,13,Blue,"2026 Virus Weightlifting Series 2, Powered by Rogue Fitness",False,
1082156,Cara Le,26.0,Standard Strength,Female,57,146.0,4,Red,"2026 Virus Weightlifting Series 2, Powered by Rogue Fitness",False,
1076252,carlos gonzalez,25.0,Houston Weightlifting Academy,Male,+110,340.0,20,White,"2026 Virus Weightlifting Series 2, Powered by Rogue Fitness",False,
1082640,Cassandra Rendon Rendon,24.0,San Marcos Barbell Club,Female,77,166.0,14,White,"2026 Virus Weightlifting Series 2, Powered by Rogue Fitness",False,
1062544,Catharine Fortino,32.0,Bexar Barbell,Female,69,140.0,5,White,"2026 Virus Weightlifting Series 2, Powered by Rogue Fitness",False,
210653,Celia Gold,28.0,Bexar Barbell,Female,77,230.0,14,White,"2026 Virus Weightlifting Series 2, Powered by Rogue Fitness",False,
197996,Challen Pressley,40.0,Marin Heavy Athletics,Female,69,160.0,6,White,"2026 Virus Weightlifting Series 2, Powered by Rogue Fitness",False,
1069425,Charles Neilson,22.0,Texas A&M Aggie Weightlifting,Male,95,230.0,17,Red,"2026 Virus Weightlifting Series 2, Powered by Rogue Fitness",False,
1085161,Charlotte Aoki,10.0,EAST COAST GOLD W/L TEAM,Female,37,62.0,8,Red,"2026 Virus Weightlifting Series 2, Powered by Rogue Fitness",False,
1066708,Chase Dolfi,30.0,MM Barbell,Male,75,220.0,7,Red,"2026 Virus Weightlifting Series 2, Powered by Rogue Fitness",False,
177611,Chase Durham,36.0,POP Athletics Weightlifting,Male,95,270.0,18,Red,"2026 Virus Weightlifting Series 2, Powered by Rogue Fitness",False,
1056096,Cheyenne Warmack,22.0,No Te Rajes Barbell,Female,69,158.0,6,White,"2026 Virus Weightlifting Series 2, Powered by Rogue Fitness",False,
1062549,Chloe Starr,35.0,MURDER OF CROWS,Female,69,165.0,6,White,"2026 Virus Weightlifting Series 2, Powered by Rogue Fitness",False,
1062103,Chloe Torres,23.0,ALLSOUTH Barbell,Female,77,155.0,13,White,"2026 Virus Weightlifting Series 2, Powered by Rogue Fitness",False,
1084408,Christa Hovis,34.0,Stellar Strength Barbell,Female,57,106.0,2,White,"2026 Virus Weightlifting Series 2, Powered by Rogue Fitness",False,
1085717,Christina Baron,42.0,Unaffiliated,Female,61,90.0,4,Blue,"2026 Virus Weightlifting Series 2, Powered by Rogue Fitness",False,
1075479,Christina Belknap,40.0,Catalyst Masters,Female,69,130.0,4,White,"2026 Virus Weightlifting Series 2, Powered by Rogue Fitness",False,
1048497,Christina Girton,45.0,Unaffiliated,Female,61,120.0,5,Blue,"2026 Virus Weightlifting Series 2, Powered by Rogue Fitness",False,
1048686,Christina Lam,38.0,Tank Performance and Weightlifting,Female,86,140.0,17,White,"2026 Virus Weightlifting Series 2, Powered by Rogue Fitness",False,
188287,Christopher Douglas,45.0,PARAMOUNT BARBELL CLUB,Male,75,250.0,11,Red,"2026 Virus Weightlifting Series 2, Powered by Rogue Fitness",False,
1052428,Christopher Fusselman,27.0,San Marcos Barbell Club,Male,95,220.0,17,Red,"2026 Virus Weightlifting Series 2, Powered by Rogue Fitness",False,
1049760,Christopher Hamlin,31.0,Austin Barbell,Male,85,210.0,12,Blue,"2026 Virus Weightlifting Series 2, Powered by Rogue Fitness",False,
1014018,Christopher Hart,37.0,Mach10 Weightlifting Club,Male,85,181.0,11,Blue,"2026 Virus Weightlifting Series 2, Powered by Rogue Fitness",False,
1064160,Christopher Patterson,24.0,Vice Weightlifting,Male,+110,272.0,20,White,"2026 Virus Weightlifting Series 2, Powered by Rogue Fitness",False,
1070999,CK Cone,36.0,Stonehenge Weightlifting,Female,+86,145.0,18,White,"2026 Virus Weightlifting Series 2, Powered by Rogue Fitness",False,
1075474,Claire Nechiporenko,46.0,Unaffiliated,Female,57,77.0,1,White,"2026 Virus Weightlifting Series 2, Powered by Rogue Fitness",False,
1039621,Claire Ungashick,39.0,No Te Rajes Barbell,Female,77,128.0,11,White,"2026 Virus Weightlifting Series 2, Powered by Rogue Fitness",False,
1080515,Clara Blood,38.0,Austin Barbell,Female,53,118.0,3,Red,"2026 Virus Weightlifting Series 2, Powered by Rogue Fitness",False,
1079376,Clint Hyde,41.0,Iron Grit Barbell,Male,95,230.0,17,Red,"2026 Virus Weightlifting Series 2, Powered by Rogue Fitness",False,
1062404,Cody Anderson,16.0,Waco Barbell,Male,65,185.0,13,Red,"2026 Virus Weightlifting Series 2, Powered by Rogue Fitness",False,
1056938,Cody Monsevais,22.0,Unaffiliated,Male,85,280.0,14,Blue,"2026 Virus Weightlifting Series 2, Powered by Rogue Fitness",False,
1084933,Cody Shaw,33.0,Unaffiliated,Male,+110,263.0,20,White,"2026 Virus Weightlifting Series 2, Powered by Rogue Fitness",False,
1063161,Colby Hess,23.0,Bexar Barbell,Male,95,270.0,18,Red,"2026 Virus Weightlifting Series 2, Powered by Rogue Fitness",False,
1085446,Colby Langhorne,12.0,EAST COAST GOLD W/L TEAM,Male,65,70.0,8,Blue,"2026 Virus Weightlifting Series 2, Powered by Rogue Fitness",False,
1072393,Colten Clyburn,17.0,DRAGON BARBELL,Male,95,210.0,14,Red,"2026 Virus Weightlifting Series 2, Powered by Rogue Fitness",False,
1071701,Colton Carney,34.0,Iron Grit Barbell,Male,95,245.0,18,Red,"2026 Virus Weightlifting Series 2, Powered by Rogue Fitness",False,
1081115,Connor Brown,9.0,Houston Weightlifting Academy,Male,40,60.0,8,Blue,"2026 Virus Weightlifting Series 2, Powered by Rogue Fitness",False,
1035434,Connor Tyler,19.0,Southside Barbell Club,Male,+110,186.0,19,Blue,"2026 Virus Weightlifting Series 2, Powered by Rogue Fitness",False,
1064032,Cooper Johnson,26.0,Barbender Academy,Male,110,270.0,20,Red,"2026 Virus Weightlifting Series 2, Powered by Rogue Fitness",False,
1086732,Cooper Spurling,16.0,Iron Brotherhood,Male,85,145.0,14,Red,"2026 Virus Weightlifting Series 2, Powered by Rogue Fitness",False,
1027414,Corynne Francis,35.0,Ritual Weightlifting,Female,61,182.0,7,Blue,"2026 Virus Weightlifting Series 2, Powered by Rogue Fitness",False,
1031122,Courtney Burbridge,48.0,EAST COAST GOLD W/L TEAM,Female,77,150.0,13,White,"2026 Virus Weightlifting Series 2, Powered by Rogue Fitness",False,
1075789,Cristina Romo,23.0,San Marcos Barbell Club,Female,61,125.0,5,Blue,"2026 Virus Weightlifting Series 2, Powered by Rogue Fitness",False,
1069334,Dahlia Sokolow,15.0,CLEAN SLATE WEIGHTLIFTING,Female,69,144.0,9,Red,"2026 Virus Weightlifting Series 2, Powered by Rogue Fitness",False,
1079493,Damon Gandy,35.0,Unaffiliated,Male,+110,261.0,20,White,"2026 Virus Weightlifting Series 2, Powered by Rogue Fitness",False,
1084441,Daniel Culbert,36.0,Wolfe Strength,Male,95,204.0,16,Red,"2026 Virus Weightlifting Series 2, Powered by Rogue Fitness",False,
1083726,Daniel Elkins,29.0,San Marcos Barbell Club,Male,85,199.0,11,Blue,"2026 Virus Weightlifting Series 2, Powered by Rogue Fitness",False,
1081785,Danielle Daberer,33.0,Wolfe Strength,Female,77,135.0,12,White,"2026 Virus Weightlifting Series 2, Powered by Rogue Fitness",False,
1073950,Daniel Lema,35.0,Queens Barbell,Male,70,199.0,5,Red,"2026 Virus Weightlifting Series 2, Powered by Rogue Fitness",False,
1040674,Danielle Mize,36.0,Mizer Performance,Female,+86,145.0,18,White,"2026 Virus Weightlifting Series 2, Powered by Rogue Fitness",False,
1052645,Daniel Pina,26.0,San Marcos Barbell Club,Male,110,225.0,16,Blue,"2026 Virus Weightlifting Series 2, Powered by Rogue Fitness",False,
168359,Daniel Swank,43.0,Group III Barbell,Male,110,250.0,17,Blue,"2026 Virus Weightlifting Series 2, Powered by Rogue Fitness",False,
155457,Daniel Wiitanen,30.0,CALPIANS WLC,Male,95,360.0,19,Red,"2026 Virus Weightlifting Series 2, Powered by Rogue Fitness",False,
212425,Danlin Bao,31.0,Unaffiliated,Female,61,155.0,7,Blue,"2026 Virus Weightlifting Series 2, Powered by Rogue Fitness",False,
135912,Darrel Barnes,32.0,Annex Weightlifting,Male,60,220.0,3,Blue,"2026 Virus Weightlifting Series 2, Powered by Rogue Fitness",False,
172264,David Bray,40.0,San Marcos Barbell Club,Male,85,215.0,12,Blue,"2026 Virus Weightlifting Series 2, Powered by Rogue Fitness",False,
2995,David De,69.0,Spoon Barbell Club,Male,85,130.0,10,Blue,"2026 Virus Weightlifting Series 2, Powered by Rogue Fitness",False,
201749,David Ehresmann,68.0,Spoon Barbell Club,Male,110,145.0,16,Blue,"2026 Virus Weightlifting Series 2, Powered by Rogue Fitness",False,
1072503,David Grafton,13.0,EAST COAST GOLD W/L TEAM,Male,50,137.0,8,Blue,"2026 Virus Weightlifting Series 2, Powered by Rogue Fitness",False,
166761,David Jorge,32.0,Rising Tide Weightlifting,Male,+110,330.0,20,White,"2026 Virus Weightlifting Series 2, Powered by Rogue Fitness",False,
1030274,David Lewis,36.0,Pure Health Barbell,Male,95,235.0,17,Red,"2026 Virus Weightlifting Series 2, Powered by Rogue Fitness",False,
214727,Deanna Johnson,62.0,Eastside Barbell,Female,61,77.0,4,Blue,"2026 Virus Weightlifting Series 2, Powered by Rogue Fitness",False,
204710,Debbie Alexander,64.0,CLEAN SLATE WEIGHTLIFTING,Female,+86,90.0,15,Blue,"2026 Virus Weightlifting Series 2, Powered by Rogue Fitness",False,
1042417,Debbie Bennett,62.0,Pilchuck Barbell,Female,57,78.0,1,White,"2026 Virus Weightlifting Series 2, Powered by Rogue Fitness",False,
213916,Deborah Doran,34.0,Rising Tide Weightlifting,Female,77,205.0,14,White,"2026 Virus Weightlifting Series 2, Powered by Rogue Fitness",False,
1002051,Deborah Robinson,75.0,Vehement Elite Athletics,Female,69,50.0,3,White,"2026 Virus Weightlifting Series 2, Powered by Rogue Fitness",False,
1007364,Deborah Strobel,68.0,Pure Health Barbell,Female,86,88.0,15,White,"2026 Virus Weightlifting Series 2, Powered by Rogue Fitness",False,
1073968,Deja Beechum,30.0,Stonehenge Weightlifting,Female,69,151.0,6,White,"2026 Virus Weightlifting Series 2, Powered by Rogue Fitness",False,
1084377,Dimitri Villanueva,25.0,Unaffiliated,Male,70,170.0,2,Red,"2026 Virus Weightlifting Series 2, Powered by Rogue Fitness",False,
1010406,D. Irizarry,23.0,Ritual Weightlifting,Female,53,185.0,3,Red,"2026 Virus Weightlifting Series 2, Powered by Rogue Fitness",False,
1078897,DJ Williams,17.0,Bull Strength Barbell,Male,85,205.0,14,Red,"2026 Virus Weightlifting Series 2, Powered by Rogue Fitness",False,
1084309,Dominique Thompson,33.0,Hunger in the Wild,Female,+86,140.0,18,White,"2026 Virus Weightlifting Series 2, Powered by Rogue Fitness",False,
1087026,Donald Ferguson,35.0,Bexar Barbell,Male,85,205.0,12,Blue,"2026 Virus Weightlifting Series 2, Powered by Rogue Fitness",False,
1061315,Dryden Yates,16.0,Bexar Barbell,Male,75,235.0,13,Red,"2026 Virus Weightlifting Series 2, Powered by Rogue Fitness",False,
1086422,Dustin Kunz,41.0,Unaffiliated,Male,95,190.0,16,Red,"2026 Virus Weightlifting Series 2, Powered by Rogue Fitness",False,
1083842,Eduardo Travieso,18.0,Iron Brotherhood,Male,95,225.0,17,Red,"2026 Virus Weightlifting Series 2, Powered by Rogue Fitness",False,
1050416,EJ Hein,23.0,Unaffiliated,Male,85,310.0,14,Blue,"2026 Virus Weightlifting Series 2, Powered by Rogue Fitness",False,
186460,Elaine Kempf,39.0,Spoon Barbell Club,Female,57,148.0,4,Red,"2026 Virus Weightlifting Series 2, Powered by Rogue Fitness",False,
1066977,Elaine Tsay,41.0,Stonehenge Weightlifting,Female,53,130.0,3,Red,"2026 Virus Weightlifting Series 2, Powered by Rogue Fitness",False,
1032524,Elek Ancsin-fisher,16.0,OKC BARBELL CLUB,Male,60,120.0,13,Red,"2026 Virus Weightlifting Series 2, Powered by Rogue Fitness",False,
1085850,Elena Aigle,28.0,Unaffiliated,Female,61,175.0,7,Blue,"2026 Virus Weightlifting Series 2, Powered by Rogue Fitness",False,
1071720,Elhiana Inez Perez,15.0,BlueWave Weightlifting,Female,53,91.0,9,Red,"2026 Virus Weightlifting Series 2, Powered by Rogue Fitness",False,
1066791,Eligio Vargas,30.0,Austin Barbell,Male,75,210.0,7,Red,"2026 Virus Weightlifting Series 2, Powered by Rogue Fitness",False,
1084930,Elijah Pak,22.0,Unaffiliated,Male,75,250.0,11,Red,"2026 Virus Weightlifting Series 2, Powered by Rogue Fitness",False,
1032357,Elise Burkhardt,32.0,Tri State Barbell,Female,77,130.0,11,White,"2026 Virus Weightlifting Series 2, Powered by Rogue Fitness",False,
1060337,ELIZABETH HALPIN,50.0,Austin Barbell,Female,86,112.0,16,White,"2026 Virus Weightlifting Series 2, Powered by Rogue Fitness",False,
187447,Elizabeth Paller,38.0,No Te Rajes Barbell,Female,+86,130.0,15,Blue,"2026 Virus Weightlifting Series 2, Powered by Rogue Fitness",False,
1035661,Ella Vaughn,17.0,VAUGHN WEIGHTLIFTING,Female,49,110.0,9,Blue,"2026 Virus Weightlifting Series 2, Powered by Rogue Fitness",False,
1084158,Elle Mertens,20.0,TEXAS BARBELL CLUB,Female,49,90.0,1,Red,"2026 Virus Weightlifting Series 2, Powered by Rogue Fitness",False,
1063695,Ellen Lehman,17.0,Florida Elite,Female,61,138.0,9,Blue,"2026 Virus Weightlifting Series 2, Powered by Rogue Fitness",False,
1083654,Ellie Hill,15.0,Houston Weightlifting Academy,Female,61,110.0,9,Red,"2026 Virus Weightlifting Series 2, Powered by Rogue Fitness",False,
1081950,Emery Gunnin,17.0,Norman Strength Barbell,Male,+95,160.0,14,Red,"2026 Virus Weightlifting Series 2, Powered by Rogue Fitness",False,
1065293,Emilio Azukwu,39.0,Unaffiliated,Male,110,240.0,17,Blue,"2026 Virus Weightlifting Series 2, Powered by Rogue Fitness",False,
1084882,Emily Chang,32.0,MURDER OF CROWS,Female,69,121.0,4,White,"2026 Virus Weightlifting Series 2, Powered by Rogue Fitness",False,
1023361,Emma Hannan,30.0,KiloDelphia,Female,69,173.0,7,White,"2026 Virus Weightlifting Series 2, Powered by Rogue Fitness",False,
1064631,Emma Smith,27.0,DSP Barbell Club,Female,69,125.0,4,White,"2026 Virus Weightlifting Series 2, Powered by Rogue Fitness",False,
1006392,Enrique Banda,46.0,TEXAS BARBELL CLUB,Male,+110,205.0,19,Blue,"2026 Virus Weightlifting Series 2, Powered by Rogue Fitness",False,
1055384,Enrique Carrillo,27.0,Unaffiliated,Male,75,200.0,6,Red,"2026 Virus Weightlifting Series 2, Powered by Rogue Fitness",False,
1084806,Enrique Rodarte,36.0,Unaffiliated,Male,85,185.0,11,Blue,"2026 Virus Weightlifting Series 2, Powered by Rogue Fitness",False,
1063248,Enyjai Tyson,21.0,LSU - Shreveport,Female,77,180.0,14,White,"2026 Virus Weightlifting Series 2, Powered by Rogue Fitness",False,
1086176,Erica Blaine Greenwood,29.0,Unaffiliated,Female,69,153.0,6,White,"2026 Virus Weightlifting Series 2, Powered by Rogue Fitness",False,
1056691,Eric Chen,28.0,Archon Weightlifting,Male,75,240.0,11,Red,"2026 Virus Weightlifting Series 2, Powered by Rogue Fitness",False,
1032033,Eric Kurschinski,47.0,Unaffiliated,Male,65,160.0,1,Blue,"2026 Virus Weightlifting Series 2, Powered by Rogue Fitness",False,
1060522,Eric Murphy,48.0,Unaffiliated,Male,95,220.0,17,Red,"2026 Virus Weightlifting Series 2, Powered by Rogue Fitness",False,
1061715,Eric Schwartz,50.0,Unaffiliated,Male,+110,215.0,19,Blue,"2026 Virus Weightlifting Series 2, Powered by Rogue Fitness",False,
1039579,Eric Zunker,26.0,Houston Weightlifting Academy,Male,85,285.0,14,Blue,"2026 Virus Weightlifting Series 2, Powered by Rogue Fitness",False,
1058090,Erika Evans,36.0,Austin Barbell,Female,+86,148.0,18,White,"2026 Virus Weightlifting Series 2, Powered by Rogue Fitness",False,
1072622,Erik Hayrapetyan,18.0,Houston Weightlifting Academy,Male,85,180.0,10,Blue,"2026 Virus Weightlifting Series 2, Powered by Rogue Fitness",False,
1027076,Erin Becker,41.0,Standard Strength,Female,+86,166.0,19,White,"2026 Virus Weightlifting Series 2, Powered by Rogue Fitness",False,
1064603,Erin Traylor,34.0,Wolfe Strength,Female,+86,160.0,18,White,"2026 Virus Weightlifting Series 2, Powered by Rogue Fitness",False,
1037158,Ernest Reyna,39.0,Unaffiliated,Male,+110,250.0,19,Blue,"2026 Virus Weightlifting Series 2, Powered by Rogue Fitness",False,
1019928,Estelle Rohr,31.0,Bexar Barbell,Female,77,215.0,14,White,"2026 Virus Weightlifting Series 2, Powered by Rogue Fitness",False,
1081005,Ethan Barosela,18.0,Iron Brotherhood,Male,95,240.0,18,Red,"2026 Virus Weightlifting Series 2, Powered by Rogue Fitness",False,
1079229,Eva Friend,12.0,Team Divergent,Female,41,45.0,8,Red,"2026 Virus Weightlifting Series 2, Powered by Rogue Fitness",False,
187603,Evan Pounds,33.0,Unaffiliated,Male,85,270.0,14,Blue,"2026 Virus Weightlifting Series 2, Powered by Rogue Fitness",False,
1076883,Evelyn Otis,13.0,Waco Barbell,Female,53,86.0,8,White,"2026 Virus Weightlifting Series 2, Powered by Rogue Fitness",False,
1086056,Franklin Estrada,25.0,BlueWave Weightlifting,Male,85,200.0,12,Blue,"2026 Virus Weightlifting Series 2, Powered by Rogue Fitness",False,
1081195,Franz Blanchard,41.0,EAST COAST GOLD W/L TEAM,Male,110,220.0,16,Blue,"2026 Virus Weightlifting Series 2, Powered by Rogue Fitness",False,
1057975,gabe chhum,22.0,MAX KANE BARBELL,Male,70,280.0,5,Red,"2026 Virus Weightlifting Series 2, Powered by Rogue Fitness",False,
1034870,Gabriel Torres,26.0,Stonehenge Weightlifting,Male,75,210.0,7,Red,"2026 Virus Weightlifting Series 2, Powered by Rogue Fitness",False,
1074410,gaby morgerman,63.0,Unaffiliated,Female,53,60.0,1,Red,"2026 Virus Weightlifting Series 2, Powered by Rogue Fitness",False,
1084310,garrett robinson,34.0,Unaffiliated,Male,95,240.0,18,Red,"2026 Virus Weightlifting Series 2, Powered by Rogue Fitness",False,
1080040,Geesoo Yoon,29.0,Standard Strength,Female,57,100.0,2,White,"2026 Virus Weightlifting Series 2, Powered by Rogue Fitness",False,
1066646,Gentry Stevenson,27.0,Gryphon Strength Barbell,Female,+86,195.0,19,White,"2026 Virus Weightlifting Series 2, Powered by Rogue Fitness",False,
1076407,Gia Duva,18.0,No Te Rajes Barbell,Female,61,116.0,5,Blue,"2026 Virus Weightlifting Series 2, Powered by Rogue Fitness",False,
1061957,Gideon Hayhoe,14.0,Nashville Weightlifting Club,Male,65,0.0,10,Red,"2026 Virus Weightlifting Series 2, Powered by Rogue Fitness",False,
1082621,Grace Killough,18.0,Bull Strength Barbell,Female,57,105.0,2,White,"2026 Virus Weightlifting Series 2, Powered by Rogue Fitness",False,
1028798,Grant Reed,25.0,Unaffiliated,Male,110,300.0,20,Red,"2026 Virus Weightlifting Series 2, Powered by Rogue Fitness",False,
1052335,Gregory Sweat,24.0,Floyd Farms Weightlifting,Male,95,219.0,16,Red,"2026 Virus Weightlifting Series 2, Powered by Rogue Fitness",False,
1064630,gretchen messner,24.0,DSP Barbell Club,Female,61,185.0,7,Blue,"2026 Virus Weightlifting Series 2, Powered by Rogue Fitness",False,
1082171,Griffin Vollertsen,17.0,Unaffiliated,Male,+95,260.0,14,Red,"2026 Virus Weightlifting Series 2, Powered by Rogue Fitness",False,
171116,Gwen Chamberlin,63.0,Summit Barbell,Female,77,80.0,9,White,"2026 Virus Weightlifting Series 2, Powered by Rogue Fitness",False,
1071983,Gwen Townsend,19.0,PIONEER WLC,Female,53,99.0,3,Red,"2026 Virus Weightlifting Series 2, Powered by Rogue Fitness",False,
1073265,Hadley Chandler,14.0,Lion Chaser Barbell,Female,69,109.0,9,Red,"2026 Virus Weightlifting Series 2, Powered by Rogue Fitness",False,
1079060,Hadley Stewart,13.0,Vektløfter Barbell,Female,41,41.0,8,Red,"2026 Virus Weightlifting Series 2, Powered by Rogue Fitness",False,
1008087,Haley Kopach,29.0,Stellar Strength Barbell,Female,57,140.0,4,Red,"2026 Virus Weightlifting Series 2, Powered by Rogue Fitness",False,
1008851,Hampton Morris,22.0,Ritual Weightlifting,Male,70,300.0,5,Red,"2026 Virus Weightlifting Series 2, Powered by Rogue Fitness",False,
1063134,Hannah St,20.0,LSU - Shreveport,Female,61,160.0,7,Blue,"2026 Virus Weightlifting Series 2, Powered by Rogue Fitness",False,
1080068,Harper Sager,15.0,Heroic Barbell,Female,77,145.0,9,Red,"2026 Virus Weightlifting Series 2, Powered by Rogue Fitness",False,
1049194,Hayden Brandon,20.0,PIONEER WLC,Female,77,170.0,14,White,"2026 Virus Weightlifting Series 2, Powered by Rogue Fitness",False,
1069365,Hector Ibanez,46.0,Waco Barbell,Male,+110,180.0,19,Blue,"2026 Virus Weightlifting Series 2, Powered by Rogue Fitness",False,
1060495,Hector Manuel Ortiz,26.0,Shoofly Barbell Club,Male,85,245.0,13,Blue,"2026 Virus Weightlifting Series 2, Powered by Rogue Fitness",False,
1038703,Henry Ludbrook,19.0,LSU - Shreveport,Male,75,270.0,11,Red,"2026 Virus Weightlifting Series 2, Powered by Rogue Fitness",False,
1066718,Holly Cuozzo,32.0,Stellar Strength Barbell,Female,61,128.0,5,Blue,"2026 Virus Weightlifting Series 2, Powered by Rogue Fitness",False,
1049114,Huntington Hayes,34.0,Unaffiliated,Male,95,290.0,19,Red,"2026 Virus Weightlifting Series 2, Powered by Rogue Fitness",False,
1063740,Hutton Boles,22.0,Standard Strength,Male,95,340.0,19,Red,"2026 Virus Weightlifting Series 2, Powered by Rogue Fitness",False,
1082994,Ian Rea,34.0,Unaffiliated,Male,110,0.0,16,Blue,"2026 Virus Weightlifting Series 2, Powered by Rogue Fitness",False,
272144138,Ian Rea,34.0,Unaffiliated,Male,110,243.0,17,Blue,"2026 Virus Weightlifting Series 2, Powered by Rogue Fitness",False,
1052475,Ibrahem Aouda,39.0,Unaffiliated,Male,85,265.0,14,Blue,"2026 Virus Weightlifting Series 2, Powered by Rogue Fitness",False,
1086258,Intisar Hassouneh,30.0,Vehement Elite Athletics,Female,69,128.0,4,White,"2026 Virus Weightlifting Series 2, Powered by Rogue Fitness",False,
1082681,Isabel Lupkes,10.0,TEXAS BARBELL CLUB,Female,41,50.0,8,Red,"2026 Virus Weightlifting Series 2, Powered by Rogue Fitness",False,
1051862,Isauro Felix,28.0,Myriad Weightlifting,Male,65,200.0,3,Blue,"2026 Virus Weightlifting Series 2, Powered by Rogue Fitness",False,
195980,Ishban Aziz,31.0,PWRBLD Barbell Club,Male,85,250.0,13,Blue,"2026 Virus Weightlifting Series 2, Powered by Rogue Fitness",False,
1077489,Jack Halstead,37.0,No Te Rajes Barbell,Male,95,186.0,15,Red,"2026 Virus Weightlifting Series 2, Powered by Rogue Fitness",False,
1075925,Jacob Dains,22.0,TEXAS BARBELL CLUB,Male,95,240.0,18,Red,"2026 Virus Weightlifting Series 2, Powered by Rogue Fitness",False,
214538,Jacob Howard,38.0,Wolf Pack Weightlifting,Male,75,220.0,7,Red,"2026 Virus Weightlifting Series 2, Powered by Rogue Fitness",False,
1078251,Jacob St.,19.0,Iron Brotherhood,Male,70,206.0,5,Red,"2026 Virus Weightlifting Series 2, Powered by Rogue Fitness",False,
1078284,Jaden Lambert,21.0,Missouri Valley College Weightlifting,Male,70,230.0,5,Red,"2026 Virus Weightlifting Series 2, Powered by Rogue Fitness",False,
1052274,Jadier Rivera,28.0,Bexar Barbell,Male,65,185.0,1,Blue,"2026 Virus Weightlifting Series 2, Powered by Rogue Fitness",False,
1057681,Jaedyn Orton,17.0,Unaffiliated,Female,49,150.0,9,Blue,"2026 Virus Weightlifting Series 2, Powered by Rogue Fitness",False,
1065951,Jaiden Garcia,22.0,San Marcos Barbell Club,Male,75,210.0,7,Red,"2026 Virus Weightlifting Series 2, Powered by Rogue Fitness",False,
1062292,Jake Anderson,34.0,UCLA Weightlifting Club,Male,+110,320.0,20,White,"2026 Virus Weightlifting Series 2, Powered by Rogue Fitness",False,
1077887,Jake Langer,18.0,Iron Brotherhood,Male,95,210.0,16,Red,"2026 Virus Weightlifting Series 2, Powered by Rogue Fitness",False,
1086663,Jake Moreno,16.0,Iron Brotherhood,Male,+95,190.0,14,Red,"2026 Virus Weightlifting Series 2, Powered by Rogue Fitness",False,
157255,James Corsitto,35.0,Weightlifting.Org,Male,75,260.0,11,Red,"2026 Virus Weightlifting Series 2, Powered by Rogue Fitness",False,
1069849,James Murdock,56.0,Shoofly Barbell Club,Male,95,124.0,15,Red,"2026 Virus Weightlifting Series 2, Powered by Rogue Fitness",False,
1012598,James Tracy,72.0,Unaffiliated,Male,85,108.0,10,Blue,"2026 Virus Weightlifting Series 2, Powered by Rogue Fitness",False,
1053971,Jamie Hegg,27.0,HASSLE FREE BBC,Female,61,210.0,7,Blue,"2026 Virus Weightlifting Series 2, Powered by Rogue Fitness",False,
1036890,Jamie Pearce,26.0,TEXAS BARBELL CLUB,Female,+86,175.0,19,White,"2026 Virus Weightlifting Series 2, Powered by Rogue Fitness",False,
1085188,Janathan Balakrishnan,24.0,Texas A&M Aggie Weightlifting,Male,65,212.0,3,Blue,"2026 Virus Weightlifting Series 2, Powered by Rogue Fitness",False,
1073050,Jasmine Hau,27.0,ALLSOUTH Barbell,Female,69,155.0,6,White,"2026 Virus Weightlifting Series 2, Powered by Rogue Fitness",False,
1075095,Jasmine Idrogo,30.0,Bexar Barbell,Female,61,166.0,7,Blue,"2026 Virus Weightlifting Series 2, Powered by Rogue Fitness",False,
1083846,Jason Gonzalez,18.0,Iron Brotherhood,Male,95,235.0,17,Red,"2026 Virus Weightlifting Series 2, Powered by Rogue Fitness",False,
1081951,Jason Gunnin,53.0,Norman Strength Barbell,Male,95,150.0,15,Red,"2026 Virus Weightlifting Series 2, Powered by Rogue Fitness",False,
1079421,Jason King,33.0,Unaffiliated,Male,95,215.0,16,Red,"2026 Virus Weightlifting Series 2, Powered by Rogue Fitness",False,
1000658,Jason Long,53.0,Unaffiliated,Male,110,200.0,16,Blue,"2026 Virus Weightlifting Series 2, Powered by Rogue Fitness",False,
1032847,Jason Miotke,40.0,Waco Barbell,Male,85,215.0,12,Blue,"2026 Virus Weightlifting Series 2, Powered by Rogue Fitness",False,
1086609,Javier Veiguela,16.0,Iron Brotherhood,Male,65,155.0,13,Red,"2026 Virus Weightlifting Series 2, Powered by Rogue Fitness",False,
1076438,Jaycee Hickok,16.0,Pure Health Barbell,Female,57,85.0,9,Blue,"2026 Virus Weightlifting Series 2, Powered by Rogue Fitness",False,
1077624,Jayden Son,22.0,The Bunker Athletics,Male,85,220.0,13,Blue,"2026 Virus Weightlifting Series 2, Powered by Rogue Fitness",False,
1087588,Jean Banos,40.0,Strong Weightlifting,Male,110,235.0,17,Blue,"2026 Virus Weightlifting Series 2, Powered by Rogue Fitness",False,
1078454,Jedidiah Kracl,20.0,Missouri Valley College Weightlifting,Male,65,205.0,3,Blue,"2026 Virus Weightlifting Series 2, Powered by Rogue Fitness",False,
1079978,Jeffrey Pumo,35.0,Tri State Barbell,Male,95,191.0,16,Red,"2026 Virus Weightlifting Series 2, Powered by Rogue Fitness",False,
1025378,Jenna deCastro,35.0,MILLER WEIGHTLIFTING,Female,57,115.0,2,White,"2026 Virus Weightlifting Series 2, Powered by Rogue Fitness",False,
1058326,Jenna Shumway,45.0,Troutman Training Systems,Female,86,145.0,17,White,"2026 Virus Weightlifting Series 2, Powered by Rogue Fitness",False,
1039016,Jennifer Galemmo,32.0,EAST COAST GOLD W/L TEAM,Female,+86,208.0,19,White,"2026 Virus Weightlifting Series 2, Powered by Rogue Fitness",False,
1036940,Jennifer Valosek,51.0,Fortified Strength,Female,86,130.0,16,White,"2026 Virus Weightlifting Series 2, Powered by Rogue Fitness",False,
1041767,Jennifer White,43.0,POWER AND GRACE PERFORMANCE.,Female,69,174.0,7,White,"2026 Virus Weightlifting Series 2, Powered by Rogue Fitness",False,
1072824,Jesse Castillo,17.0,Bull Strength Barbell,Male,70,230.0,13,Red,"2026 Virus Weightlifting Series 2, Powered by Rogue Fitness",False,
1087265,Jessica buettner,31.0,Stegelmann Performance,Female,86,155.0,18,Blue,"2026 Virus Weightlifting Series 2, Powered by Rogue Fitness",False,
1034538,Jocelyn Ludlow,67.0,OKC BARBELL CLUB,Female,57,54.0,1,White,"2026 Virus Weightlifting Series 2, Powered by Rogue Fitness",False,
1048631,Jocelyn Shalaya Shade,44.0,Able Strength Weightlifting,Female,77,120.0,11,White,"2026 Virus Weightlifting Series 2, Powered by Rogue Fitness",False,
1079810,Jodi Lin,46.0,BARBARIAN BARBELL CLUB,Female,77,113.0,10,White,"2026 Virus Weightlifting Series 2, Powered by Rogue Fitness",False,
1084049,Jody Mendosa,20.0,San Marcos Barbell Club,Male,65,142.0,1,Blue,"2026 Virus Weightlifting Series 2, Powered by Rogue Fitness",False,
212881,John Destacamento,59.0,Unaffiliated,Male,65,125.0,1,Blue,"2026 Virus Weightlifting Series 2, Powered by Rogue Fitness",False,
1084007,John Dwyer,43.0,Unaffiliated,Male,95,190.0,16,Red,"2026 Virus Weightlifting Series 2, Powered by Rogue Fitness",False,
174681,John Erwin,41.0,COASTAL EMPIRE WEIGHTLIFTING,Male,75,210.0,7,Red,"2026 Virus Weightlifting Series 2, Powered by Rogue Fitness",False,
1085179,Johnrey Santos,28.0,Mach 1 Barbell,Male,65,192.0,3,Blue,"2026 Virus Weightlifting Series 2, Powered by Rogue Fitness",False,
1071108,johnson trang,37.0,Strong Weightlifting,Male,60,150.0,1,Blue,"2026 Virus Weightlifting Series 2, Powered by Rogue Fitness",False,
1072142,Jordan Lupkes,13.0,TEXAS BARBELL CLUB,Male,+70,150.0,8,Blue,"2026 Virus Weightlifting Series 2, Powered by Rogue Fitness",False,
1078586,Jose De,20.0,TEXAS BARBELL CLUB,Male,75,200.0,6,Red,"2026 Virus Weightlifting Series 2, Powered by Rogue Fitness",False,
1083055,Jose Orellana,38.0,Die Strong Weightlifting Club,Male,85,190.0,11,Blue,"2026 Virus Weightlifting Series 2, Powered by Rogue Fitness",False,
1073641,Joseph Carpio,27.0,Bexar Barbell,Male,75,210.0,7,Red,"2026 Virus Weightlifting Series 2, Powered by Rogue Fitness",False,
189533,Joseph Cunningham,27.0,Unaffiliated,Male,95,270.0,18,Red,"2026 Virus Weightlifting Series 2, Powered by Rogue Fitness",False,
1078505,Joseph Frankl,35.0,Unaffiliated,Male,85,220.0,13,Blue,"2026 Virus Weightlifting Series 2, Powered by Rogue Fitness",False,
1057579,Joseph Mattera,35.0,Tri State Barbell,Male,95,200.0,16,Red,"2026 Virus Weightlifting Series 2, Powered by Rogue Fitness",False,
1066240,Joseph Rosales-Mancias,30.0,Houston Weightlifting Academy,Male,75,215.0,7,Red,"2026 Virus Weightlifting Series 2, Powered by Rogue Fitness",False,
1058267,Jose Quezada,28.0,Austin Barbell,Male,+110,295.0,20,White,"2026 Virus Weightlifting Series 2, Powered by Rogue Fitness",False,
190086,Josh Cooke,43.0,Unaffiliated,Male,95,220.0,17,Red,"2026 Virus Weightlifting Series 2, Powered by Rogue Fitness",False,
1056766,Joshua Blake,42.0,Unaffiliated,Male,75,215.0,7,Red,"2026 Virus Weightlifting Series 2, Powered by Rogue Fitness",False,
1061664,Joshua Cruz,28.0,Gryphon Strength Barbell,Male,110,305.0,20,Red,"2026 Virus Weightlifting Series 2, Powered by Rogue Fitness",False,
1080209,Julian Pina,18.0,Iron Brotherhood,Male,75,230.0,11,Red,"2026 Virus Weightlifting Series 2, Powered by Rogue Fitness",False,
1027477,Julie Bachman,42.0,Fortis Vita Barbell Club,Female,69,150.0,6,White,"2026 Virus Weightlifting Series 2, Powered by Rogue Fitness",False,
1048394,Julie Canepa,69.0,MILLER WEIGHTLIFTING,Female,69,70.0,3,White,"2026 Virus Weightlifting Series 2, Powered by Rogue Fitness",False,
1045599,Justin Perry,29.0,Stonehenge Weightlifting,Male,95,275.0,19,Red,"2026 Virus Weightlifting Series 2, Powered by Rogue Fitness",False,
1070850,JW Gurtis,70.0,NorCal Weightlifting,Male,110,140.0,16,Blue,"2026 Virus Weightlifting Series 2, Powered by Rogue Fitness",False,
1081498,J Williams,13.0,Bull Strength Barbell,Male,+70,100.0,8,Blue,"2026 Virus Weightlifting Series 2, Powered by Rogue Fitness",False,
181424,Kady Skinner,39.0,Unaffiliated,Female,69,140.0,5,White,"2026 Virus Weightlifting Series 2, Powered by Rogue Fitness",False,
1080713,kaiden mcveigh,17.0,Beyond The Barbell,Male,60,191.0,13,Red,"2026 Virus Weightlifting Series 2, Powered by Rogue Fitness",False,
1084986,Kaidi Zhang,35.0,Standard Strength,Female,61,95.0,4,Blue,"2026 Virus Weightlifting Series 2, Powered by Rogue Fitness",False,
1081133,Kailer Ramm,25.0,Mach10 Weightlifting Club,Male,85,280.0,14,Blue,"2026 Virus Weightlifting Series 2, Powered by Rogue Fitness",False,
1070932,Kai Moore,20.0,Unaffiliated,Female,57,102.0,2,White,"2026 Virus Weightlifting Series 2, Powered by Rogue Fitness",False,
1082532,Kalinda Brown,38.0,Memento Strength Club,Female,69,102.0,3,White,"2026 Virus Weightlifting Series 2, Powered by Rogue Fitness",False,
1072742,Kareema Salah,21.0,Archon Weightlifting,Female,61,164.0,7,Blue,"2026 Virus Weightlifting Series 2, Powered by Rogue Fitness",False,
1031124,Karen Buchanan,60.0,Oppose Gravity,Female,61,70.0,4,Blue,"2026 Virus Weightlifting Series 2, Powered by Rogue Fitness",False,
1065214,Karina Nigmatullina,42.0,Unaffiliated,Female,77,160.0,13,White,"2026 Virus Weightlifting Series 2, Powered by Rogue Fitness",False,
1075043,Karin Johnson,42.0,Houston Weightlifting Academy,Female,61,78.0,4,Blue,"2026 Virus Weightlifting Series 2, Powered by Rogue Fitness",False,
1056949,Karla Tapia,31.0,No Te Rajes Barbell,Female,+86,176.0,19,White,"2026 Virus Weightlifting Series 2, Powered by Rogue Fitness",False,
1037867,Karston Spradley,29.0,ALLSOUTH Barbell,Male,+110,330.0,20,White,"2026 Virus Weightlifting Series 2, Powered by Rogue Fitness",False,
1073435,Kassidy Girard,26.0,Pure Health Barbell,Female,77,146.0,12,White,"2026 Virus Weightlifting Series 2, Powered by Rogue Fitness",False,
1086171,Katalina Silva,17.0,Houston Weightlifting Academy,Female,69,130.0,12,Red,"2026 Virus Weightlifting Series 2, Powered by Rogue Fitness",False,
1065301,Katherine Cirone,44.0,Valhalla Weightlifting,Female,77,160.0,13,White,"2026 Virus Weightlifting Series 2, Powered by Rogue Fitness",False,
1065536,Kathrine Cross,40.0,FORNEY BARBELL CLUB,Female,86,191.0,18,Blue,"2026 Virus Weightlifting Series 2, Powered by Rogue Fitness",False,
1061446,Kathryn Flores,45.0,Archon Weightlifting,Female,77,140.0,12,White,"2026 Virus Weightlifting Series 2, Powered by Rogue Fitness",False,
1058575,Kathryn North,41.0,Archon Weightlifting,Female,77,120.0,11,White,"2026 Virus Weightlifting Series 2, Powered by Rogue Fitness",False,
1072554,Katie Brust,34.0,Sweep The Sheds Weightlifting,Female,86,135.0,17,White,"2026 Virus Weightlifting Series 2, Powered by Rogue Fitness",False,
1084817,Katie Toth,36.0,Tri State Barbell,Female,69,109.0,3,White,"2026 Virus Weightlifting Series 2, Powered by Rogue Fitness",False,
1077437,Katy Shade,16.0,Pure Health Barbell,Female,77,115.0,12,Red,"2026 Virus Weightlifting Series 2, Powered by Rogue Fitness",False,
1059185,Kaydee Baker,29.0,Mizer Performance,Female,86,155.0,18,Blue,"2026 Virus Weightlifting Series 2, Powered by Rogue Fitness",False,
1064327,Kayla Jefferies,35.0,Vektløfter Barbell,Female,86,118.0,16,White,"2026 Virus Weightlifting Series 2, Powered by Rogue Fitness",False,
1083836,Kayla Lew,25.0,Queens Barbell,Female,69,123.0,4,White,"2026 Virus Weightlifting Series 2, Powered by Rogue Fitness",False,
1057618,Kayla Thompson,29.0,Pilchuck Barbell,Female,77,165.0,14,White,"2026 Virus Weightlifting Series 2, Powered by Rogue Fitness",False,
1068623,Kayla Weber,32.0,Unaffiliated,Female,69,133.0,5,White,"2026 Virus Weightlifting Series 2, Powered by Rogue Fitness",False,
1023967,Kaytee Bagley,36.0,BlueWave Weightlifting,Female,57,125.0,4,Red,"2026 Virus Weightlifting Series 2, Powered by Rogue Fitness",False,
1059737,Keaton OConnor,24.0,Bulldog Weightlifting Club,Male,85,260.0,14,Blue,"2026 Virus Weightlifting Series 2, Powered by Rogue Fitness",False,
1082917,Keighly Sheridan,24.0,Blackheart Barbell,Female,77,120.0,11,White,"2026 Virus Weightlifting Series 2, Powered by Rogue Fitness",False,
1085285,Keith Gedick,53.0,Unaffiliated,Male,75,140.0,2,Blue,"2026 Virus Weightlifting Series 2, Powered by Rogue Fitness",False,
165487,Kela Kauhaahaa,26.0,LSU - Shreveport,Female,69,150.0,6,White,"2026 Virus Weightlifting Series 2, Powered by Rogue Fitness",False,
1087742,Kelley Franceschi,49.0,Unaffiliated,Female,77,93.0,9,White,"2026 Virus Weightlifting Series 2, Powered by Rogue Fitness",False,
1071871,Kelley Howell,58.0,Eastside Barbell,Female,86,108.0,15,White,"2026 Virus Weightlifting Series 2, Powered by Rogue Fitness",False,
1030863,Kelli Brightwell,33.0,Pinnacle Weightlifting,Female,69,150.0,6,White,"2026 Virus Weightlifting Series 2, Powered by Rogue Fitness",False,
211783,Kelly Garber,64.0,PARAMOUNT BARBELL CLUB,Female,61,105.0,4,Blue,"2026 Virus Weightlifting Series 2, Powered by Rogue Fitness",False,
1053093,Kenderic McMillian,24.0,Hunger in the Wild,Male,110,300.0,20,Red,"2026 Virus Weightlifting Series 2, Powered by Rogue Fitness",False,
1059274,Kennedy Bui,22.0,BlueWave Weightlifting,Male,65,220.0,3,Blue,"2026 Virus Weightlifting Series 2, Powered by Rogue Fitness",False,
190925,Kenny Wilkins,30.0,VERO BEACH WEIGHTLIFTING,Male,70,200.0,5,Red,"2026 Virus Weightlifting Series 2, Powered by Rogue Fitness",False,
1030767,Kenton Chung,41.0,Leo's Den,Male,85,216.0,12,Blue,"2026 Virus Weightlifting Series 2, Powered by Rogue Fitness",False,
1057243,Kevin Chemleski,37.0,Unaffiliated,Male,110,220.0,16,Blue,"2026 Virus Weightlifting Series 2, Powered by Rogue Fitness",False,
1037926,Kevin Real,38.0,Standard Strength,Male,110,258.0,20,Red,"2026 Virus Weightlifting Series 2, Powered by Rogue Fitness",False,
1082565,Kieayre Davis,32.0,Standard Strength,Male,85,210.0,12,Blue,"2026 Virus Weightlifting Series 2, Powered by Rogue Fitness",False,
1080296,Kiley Gonyea,26.0,Tank Performance and Weightlifting,Female,57,102.0,2,White,"2026 Virus Weightlifting Series 2, Powered by Rogue Fitness",False,
1003623,Kimberlee Delany,58.0,Spoon Barbell Club,Female,57,72.0,1,White,"2026 Virus Weightlifting Series 2, Powered by Rogue Fitness",False,
1001800,Kimberly Andrew,41.0,Eastside Barbell,Female,77,140.0,12,White,"2026 Virus Weightlifting Series 2, Powered by Rogue Fitness",False,
1082281,Kim Scott,31.0,Unaffiliated,Female,77,135.0,12,White,"2026 Virus Weightlifting Series 2, Powered by Rogue Fitness",False,
1075678,Kira Lee Hubbell,19.0,TEXAS BARBELL CLUB,Female,57,110.0,2,White,"2026 Virus Weightlifting Series 2, Powered by Rogue Fitness",False,
1009713,Kirstin Boddy,57.0,Eastside Barbell,Female,77,87.0,9,White,"2026 Virus Weightlifting Series 2, Powered by Rogue Fitness",False,
1039589,Kolleen Simons,55.0,Catalyst Masters,Female,69,60.0,3,White,"2026 Virus Weightlifting Series 2, Powered by Rogue Fitness",False,
1016741,Kristen Louque,38.0,TEAM TEXAS,Female,86,135.0,17,White,"2026 Virus Weightlifting Series 2, Powered by Rogue Fitness",False,
1058696,Kristina Lacey,35.0,Wolfe Strength,Female,86,120.0,16,White,"2026 Virus Weightlifting Series 2, Powered by Rogue Fitness",False,
1074385,Kristin Brimhall,43.0,Parish Barbell Club,Female,86,140.0,17,White,"2026 Virus Weightlifting Series 2, Powered by Rogue Fitness",False,
1076439,Kristin Curd,42.0,Pure Health Barbell,Female,61,145.0,6,Blue,"2026 Virus Weightlifting Series 2, Powered by Rogue Fitness",False,
1052511,Kristin Maselli,44.0,People's Republic of The Dojo,Female,61,157.0,7,Blue,"2026 Virus Weightlifting Series 2, Powered by Rogue Fitness",False,
215112,Kyle Martin,20.0,Unaffiliated,Male,95,320.0,19,Red,"2026 Virus Weightlifting Series 2, Powered by Rogue Fitness",False,
1082733,Kylie Rathbun,24.0,Archon Weightlifting,Female,69,150.0,6,White,"2026 Virus Weightlifting Series 2, Powered by Rogue Fitness",False,
1087647,Lana Eagle-King,35.0,Strong Weightlifting,Female,77,94.0,9,White,"2026 Virus Weightlifting Series 2, Powered by Rogue Fitness",False,
1083906,Lan-Anh Nguyen-DeWein,42.0,Standard Strength,Female,86,110.0,15,White,"2026 Virus Weightlifting Series 2, Powered by Rogue Fitness",False,
1087466,Landen Hawes,16.0,EAST COAST GOLD W/L TEAM,Male,65,114.0,13,Red,"2026 Virus Weightlifting Series 2, Powered by Rogue Fitness",False,
194853,Larisa Miranda,58.0,IRON FACTORY WEIGHTLIFTING,Female,77,120.0,11,White,"2026 Virus Weightlifting Series 2, Powered by Rogue Fitness",False,
1018481,Larry McCoy,36.0,Add Another Kilo,Male,85,200.0,12,Blue,"2026 Virus Weightlifting Series 2, Powered by Rogue Fitness",False,
1081754,Latisha Hoover,46.0,Oppose Gravity,Female,86,90.0,15,White,"2026 Virus Weightlifting Series 2, Powered by Rogue Fitness",False,
1041132,Laura Seals,63.0,Eastside Barbell,Female,61,66.0,4,Blue,"2026 Virus Weightlifting Series 2, Powered by Rogue Fitness",False,
1081847,Lauren Arredondo,37.0,Tri State Barbell,Female,69,103.0,3,White,"2026 Virus Weightlifting Series 2, Powered by Rogue Fitness",False,
1077289,Laurence Frago,31.0,Stegelmann Performance,Male,110,240.0,17,Blue,"2026 Virus Weightlifting Series 2, Powered by Rogue Fitness",False,
1046064,Laurence Nathan,58.0,VAUGHN WEIGHTLIFTING,Male,70,170.0,2,Red,"2026 Virus Weightlifting Series 2, Powered by Rogue Fitness",False,
1044535,Lauren Chase,33.0,Eastside Barbell,Female,53,95.0,1,Red,"2026 Virus Weightlifting Series 2, Powered by Rogue Fitness",False,
212456,Layne Palm,31.0,Bexar Barbell,Male,95,315.0,19,Red,"2026 Virus Weightlifting Series 2, Powered by Rogue Fitness",False,
1072884,LeAlyce Miller,59.0,Pilchuck Barbell,Female,69,97.0,3,White,"2026 Virus Weightlifting Series 2, Powered by Rogue Fitness",False,
1042709,Leann Ramirez,26.0,BlueWave Weightlifting,Female,+86,180.0,19,White,"2026 Virus Weightlifting Series 2, Powered by Rogue Fitness",False,
1078939,Lelanie Wilkinson,41.0,Spoon Barbell Club,Female,+86,127.0,15,Blue,"2026 Virus Weightlifting Series 2, Powered by Rogue Fitness",False,
1014829,Lenore Namou,27.0,4 Star Strength,Female,77,175.0,14,White,"2026 Virus Weightlifting Series 2, Powered by Rogue Fitness",False,
1081062,Leslee Gilbert,55.0,MILLER WEIGHTLIFTING,Female,69,71.0,3,White,"2026 Virus Weightlifting Series 2, Powered by Rogue Fitness",False,
1074326,Lexie Mueller,26.0,Die Strong Weightlifting Club,Female,61,140.0,6,Blue,"2026 Virus Weightlifting Series 2, Powered by Rogue Fitness",False,
1033783,Liam Bujanda,15.0,Bujanda Strong,Male,70,222.0,10,Red,"2026 Virus Weightlifting Series 2, Powered by Rogue Fitness",False,
1086035,Liani Barboza,16.0,ECLIPSE BARBELL CLUB,Female,69,100.0,12,Red,"2026 Virus Weightlifting Series 2, Powered by Rogue Fitness",False,
1075260,Liliana Layman,9.0,Team Juanatas-Bowens,Female,49,49.0,8,White,"2026 Virus Weightlifting Series 2, Powered by Rogue Fitness",False,
1069588,Linda Buitron,20.0,Valhalla Weightlifting,Female,77,165.0,14,White,"2026 Virus Weightlifting Series 2, Powered by Rogue Fitness",False,
1036278,Linda Lam,42.0,Vice Weightlifting,Female,86,155.0,18,Blue,"2026 Virus Weightlifting Series 2, Powered by Rogue Fitness",False,
150908,Linda Tetrault,59.0,MILLER WEIGHTLIFTING,Female,69,110.0,4,White,"2026 Virus Weightlifting Series 2, Powered by Rogue Fitness",False,
1053251,Lisa Gregoriew,59.0,Intrepid Weightlifting Club,Female,+86,101.0,15,Blue,"2026 Virus Weightlifting Series 2, Powered by Rogue Fitness",False,
1049696,Lisa MacLeod,60.0,Rain City Weightlifting Club,Female,86,80.0,15,White,"2026 Virus Weightlifting Series 2, Powered by Rogue Fitness",False,
1070031,Lisbet Celestino,29.0,Vice Weightlifting,Female,77,132.0,11,White,"2026 Virus Weightlifting Series 2, Powered by Rogue Fitness",False,
1018776,Lizbeth Barcelo,50.0,Vice Weightlifting,Female,57,100.0,2,White,"2026 Virus Weightlifting Series 2, Powered by Rogue Fitness",False,
1077210,Liz Earley,41.0,KiloDelphia,Female,+86,180.0,19,White,"2026 Virus Weightlifting Series 2, Powered by Rogue Fitness",False,
1019014,Liz Weil,60.0,MILLER WEIGHTLIFTING,Female,53,72.0,1,Red,"2026 Virus Weightlifting Series 2, Powered by Rogue Fitness",False,
1068060,Lloyd Snell,29.0,Dragonfire Barbell,Male,95,245.0,18,Red,"2026 Virus Weightlifting Series 2, Powered by Rogue Fitness",False,
1081519,Logan Billick,19.0,Unaffiliated,Male,60,190.0,3,Blue,"2026 Virus Weightlifting Series 2, Powered by Rogue Fitness",False,
176729,Luis Cruz,34.0,Unaffiliated,Male,110,252.0,17,Blue,"2026 Virus Weightlifting Series 2, Powered by Rogue Fitness",False,
1078352,Lukas Sherrard,27.0,Austin Barbell,Male,110,270.0,20,Red,"2026 Virus Weightlifting Series 2, Powered by Rogue Fitness",False,
1016239,Luke Maginnis,33.0,Tri State Barbell,Male,110,231.0,17,Blue,"2026 Virus Weightlifting Series 2, Powered by Rogue Fitness",False,
1084311,Lynne Mester,67.0,Pilchuck Barbell,Female,77,55.0,9,White,"2026 Virus Weightlifting Series 2, Powered by Rogue Fitness",False,
1045414,Maanas Sathaye,28.0,TEXAS BARBELL CLUB,Male,95,232.0,17,Red,"2026 Virus Weightlifting Series 2, Powered by Rogue Fitness",False,
1029803,Madison Mackay,34.0,Clintonville Barbell,Female,77,162.0,13,White,"2026 Virus Weightlifting Series 2, Powered by Rogue Fitness",False,
1078406,Madison Woodworth,21.0,Missouri Valley College Weightlifting,Female,+86,138.0,15,Blue,"2026 Virus Weightlifting Series 2, Powered by Rogue Fitness",False,
1064940,Mahalia Locklin,52.0,Unaffiliated,Female,77,80.0,9,White,"2026 Virus Weightlifting Series 2, Powered by Rogue Fitness",False,
1081607,Maha Salah,17.0,Archon Weightlifting,Female,69,144.0,12,Red,"2026 Virus Weightlifting Series 2, Powered by Rogue Fitness",False,
180218,Manuel Ferrer,40.0,Austin Barbell,Male,75,205.0,6,Red,"2026 Virus Weightlifting Series 2, Powered by Rogue Fitness",False,
1078066,Marco Ledezma,29.0,Vice Weightlifting,Male,110,231.0,17,Blue,"2026 Virus Weightlifting Series 2, Powered by Rogue Fitness",False,
1062037,Maria Castillo,30.0,Archon Weightlifting,Female,57,145.0,4,Red,"2026 Virus Weightlifting Series 2, Powered by Rogue Fitness",False,
1064166,Maria McClelland,45.0,Mach 1 Barbell,Female,86,89.0,15,White,"2026 Virus Weightlifting Series 2, Powered by Rogue Fitness",False,
1042149,Marielle Celi,29.0,Vice Weightlifting,Female,+86,150.0,18,White,"2026 Virus Weightlifting Series 2, Powered by Rogue Fitness",False,
1077568,Mariette Kalinowski,44.0,Brave Barbells N Sprinkles WLC,Female,86,116.0,16,White,"2026 Virus Weightlifting Series 2, Powered by Rogue Fitness",False,
1079267,Marina Yu,30.0,Houston Weightlifting Academy,Female,61,115.0,5,Blue,"2026 Virus Weightlifting Series 2, Powered by Rogue Fitness",False,
1065643,Marisa Cueva,52.0,Annex Weightlifting,Female,61,103.0,4,Blue,"2026 Virus Weightlifting Series 2, Powered by Rogue Fitness",False,
1067064,Marissa Reeves,37.0,Lighthouse Lifting,Female,57,120.0,4,Red,"2026 Virus Weightlifting Series 2, Powered by Rogue Fitness",False,
1011448,Maritza Almada,33.0,Unaffiliated,Female,61,170.0,7,Blue,"2026 Virus Weightlifting Series 2, Powered by Rogue Fitness",False,
1068040,Marley Dutton,11.0,Waco Barbell,Female,53,50.0,8,White,"2026 Virus Weightlifting Series 2, Powered by Rogue Fitness",False,
220660,Marvin Santos,36.0,Standard Strength,Male,75,230.0,11,Red,"2026 Virus Weightlifting Series 2, Powered by Rogue Fitness",False,
1057472,Maryam Grafton,16.0,EAST COAST GOLD W/L TEAM,Female,57,157.0,9,Blue,"2026 Virus Weightlifting Series 2, Powered by Rogue Fitness",False,
1063128,Mateo Jonah Limbo,17.0,Unaffiliated,Male,70,174.0,13,Red,"2026 Virus Weightlifting Series 2, Powered by Rogue Fitness",False,
1086733,Matthew Leon,16.0,Iron Brotherhood,Male,85,150.0,14,Red,"2026 Virus Weightlifting Series 2, Powered by Rogue Fitness",False,
1020345,Matthew McCullough,31.0,BlueWave Weightlifting,Male,75,300.0,11,Red,"2026 Virus Weightlifting Series 2, Powered by Rogue Fitness",False,
1076843,Matthew Sherrill,28.0,Spoon Barbell Club,Male,95,237.0,18,Red,"2026 Virus Weightlifting Series 2, Powered by Rogue Fitness",False,
1083436,Matthew Yin,20.0,Gryphon Strength Barbell,Male,95,260.0,18,Red,"2026 Virus Weightlifting Series 2, Powered by Rogue Fitness",False,
1075999,Matt Reeves,38.0,Lighthouse Lifting,Male,85,210.0,12,Blue,"2026 Virus Weightlifting Series 2, Powered by Rogue Fitness",False,
1072010,Max Ferrara,17.0,Austin Barbell,Male,85,210.0,14,Red,"2026 Virus Weightlifting Series 2, Powered by Rogue Fitness",False,
1086140,Maya Baburajendran,19.0,TEXAS BARBELL CLUB,Female,69,130.0,4,White,"2026 Virus Weightlifting Series 2, Powered by Rogue Fitness",False,
1081399,Meagan Rivera,39.0,Unaffiliated,Female,77,150.0,13,White,"2026 Virus Weightlifting Series 2, Powered by Rogue Fitness",False,
1079341,Meaghan Callahan,34.0,Queens Barbell,Female,77,170.0,14,White,"2026 Virus Weightlifting Series 2, Powered by Rogue Fitness",False,
1082684,Melanie Calderon,18.0,Bull Strength Barbell,Female,69,110.0,4,White,"2026 Virus Weightlifting Series 2, Powered by Rogue Fitness",False,
1039859,Melanie Kent,52.0,KC WEIGHTLIFTING,Female,77,100.0,10,White,"2026 Virus Weightlifting Series 2, Powered by Rogue Fitness",False,
1013696,Mia Barcelo,20.0,Unaffiliated,Female,61,140.0,6,Blue,"2026 Virus Weightlifting Series 2, Powered by Rogue Fitness",False,
1082938,Mia Lang,15.0,Waco Barbell,Female,77,120.0,9,Red,"2026 Virus Weightlifting Series 2, Powered by Rogue Fitness",False,
1085338,Michael Albanese,44.0,Unaffiliated,Male,75,182.0,6,Red,"2026 Virus Weightlifting Series 2, Powered by Rogue Fitness",False,
1066489,Michael Cardozo,30.0,Stellar Strength Barbell,Male,85,235.0,13,Blue,"2026 Virus Weightlifting Series 2, Powered by Rogue Fitness",False,
129158,Michael Cooley,55.0,Unaffiliated,Male,95,170.0,15,Red,"2026 Virus Weightlifting Series 2, Powered by Rogue Fitness",False,
1078452,Michael Fontanini,47.0,Austin Barbell,Male,85,180.0,10,Blue,"2026 Virus Weightlifting Series 2, Powered by Rogue Fitness",False,
1069768,Michael Headings,22.0,Steadfast Barbell,Male,95,256.0,18,Red,"2026 Virus Weightlifting Series 2, Powered by Rogue Fitness",False,
1079766,Michael Pozzi,28.0,Houston Weightlifting Academy,Male,85,210.0,12,Blue,"2026 Virus Weightlifting Series 2, Powered by Rogue Fitness",False,
1087788,Michael Triglia,16.0,Iron Brotherhood,Male,55,91.0,13,Red,"2026 Virus Weightlifting Series 2, Powered by Rogue Fitness",False,
1060746,Michael Vo,25.0,Floyd Farms Weightlifting,Male,85,210.0,12,Blue,"2026 Virus Weightlifting Series 2, Powered by Rogue Fitness",False,
1067196,Michelle Bowens,42.0,KC WEIGHTLIFTING,Female,86,112.0,16,White,"2026 Virus Weightlifting Series 2, Powered by Rogue Fitness",False,
1069823,Michelle McNeil,55.0,Shoofly Barbell Club,Female,86,68.0,15,White,"2026 Virus Weightlifting Series 2, Powered by Rogue Fitness",False,
1078825,Miguel Trevino,38.0,Unaffiliated,Male,85,192.0,11,Blue,"2026 Virus Weightlifting Series 2, Powered by Rogue Fitness",False,
1064673,Mikaella Bowens,14.0,KC WEIGHTLIFTING,Female,+77,130.0,9,Red,"2026 Virus Weightlifting Series 2, Powered by Rogue Fitness",False,
1059388,Mindy Lewis,48.0,Austin Barbell,Female,57,95.0,1,White,"2026 Virus Weightlifting Series 2, Powered by Rogue Fitness",False,
165099,Mira Kwon,55.0,POWER AND GRACE PERFORMANCE.,Female,61,128.0,5,Blue,"2026 Virus Weightlifting Series 2, Powered by Rogue Fitness",False,
1081722,Mirna Orellana,36.0,Houston Weightlifting Academy,Female,86,135.0,17,White,"2026 Virus Weightlifting Series 2, Powered by Rogue Fitness",False,
1060894,Missy Stiner,37.0,Unaffiliated,Female,77,103.0,10,White,"2026 Virus Weightlifting Series 2, Powered by Rogue Fitness",False,
1063240,Misty Hill,50.0,Vektløfter Barbell,Female,77,115.0,10,White,"2026 Virus Weightlifting Series 2, Powered by Rogue Fitness",False,
1065287,Mitchell Ferguson,19.0,Unaffiliated,Male,95,250.0,18,Red,"2026 Virus Weightlifting Series 2, Powered by Rogue Fitness",False,
1028011,Mitchell Gonzales,31.0,TEAM TEXAS,Male,65,190.0,3,Blue,"2026 Virus Weightlifting Series 2, Powered by Rogue Fitness",False,
1065715,Molly Dorrance,44.0,ALLSOUTH Barbell,Female,61,110.0,4,Blue,"2026 Virus Weightlifting Series 2, Powered by Rogue Fitness",False,
1036135,Monica Parucho,31.0,Oly Concepts,Female,61,165.0,7,Blue,"2026 Virus Weightlifting Series 2, Powered by Rogue Fitness",False,
1079742,Morgan Kiser,26.0,Fourteen Forty Collective,Female,69,145.0,5,White,"2026 Virus Weightlifting Series 2, Powered by Rogue Fitness",False,
174319,Morgan White,46.0,Unaffiliated,Female,61,112.0,5,Blue,"2026 Virus Weightlifting Series 2, Powered by Rogue Fitness",False,
1060431,Naomi Narcisse,41.0,Unaffiliated,Female,86,140.0,17,White,"2026 Virus Weightlifting Series 2, Powered by Rogue Fitness",False,
1087407,Natalia Mittelberg,28.0,Bexar Barbell,Female,69,145.0,5,White,"2026 Virus Weightlifting Series 2, Powered by Rogue Fitness",False,
1073010,Natalie Haller,27.0,PARAMOUNT BARBELL CLUB,Female,61,118.0,5,Blue,"2026 Virus Weightlifting Series 2, Powered by Rogue Fitness",False,
1078899,Natalie Hata,20.0,TEXAS BARBELL CLUB,Female,57,140.0,4,Red,"2026 Virus Weightlifting Series 2, Powered by Rogue Fitness",False,
207385,Nate Janzen,36.0,Unaffiliated,Male,110,280.0,20,Red,"2026 Virus Weightlifting Series 2, Powered by Rogue Fitness",False,
1076138,Neha Parnandi,41.0,Leo's Den,Female,77,93.0,9,White,"2026 Virus Weightlifting Series 2, Powered by Rogue Fitness",False,
1061502,Nevaeh Kellerman,19.0,LSU - Shreveport,Female,86,165.0,18,Blue,"2026 Virus Weightlifting Series 2, Powered by Rogue Fitness",False,
1083843,Nicholas Scardina,18.0,Iron Brotherhood,Male,65,190.0,3,Blue,"2026 Virus Weightlifting Series 2, Powered by Rogue Fitness",False,
177609,Nicholas Weingarten,75.0,MILLER WEIGHTLIFTING,Male,70,102.0,2,Red,"2026 Virus Weightlifting Series 2, Powered by Rogue Fitness",False,
1044240,Nicki Ingram,44.0,Pure Health Barbell,Female,69,125.0,4,White,"2026 Virus Weightlifting Series 2, Powered by Rogue Fitness",False,
1083420,Nickolas Anthony Martinez,21.0,Missouri Valley College Weightlifting,Male,75,203.0,6,Red,"2026 Virus Weightlifting Series 2, Powered by Rogue Fitness",False,
1017774,Nico Paulo Tolentino,36.0,Bexar Barbell,Male,65,190.0,3,Blue,"2026 Virus Weightlifting Series 2, Powered by Rogue Fitness",False,
1064666,Nina Chan,43.0,Leo's Den,Female,61,123.0,5,Blue,"2026 Virus Weightlifting Series 2, Powered by Rogue Fitness",False,
1082555,Noah Juarez,26.0,Waco Barbell,Male,70,195.0,2,Red,"2026 Virus Weightlifting Series 2, Powered by Rogue Fitness",False,
1012117,Noah Zucker,34.0,Stegelmann Performance,Male,85,245.0,13,Blue,"2026 Virus Weightlifting Series 2, Powered by Rogue Fitness",False,
1084316,Norah Guillot,22.0,Unaffiliated,Female,77,133.0,12,White,"2026 Virus Weightlifting Series 2, Powered by Rogue Fitness",False,
1035428,O'Neil Shand,41.0,Mach10 Weightlifting Club,Male,85,190.0,11,Blue,"2026 Virus Weightlifting Series 2, Powered by Rogue Fitness",False,
1084289,Oscar Miranda,26.0,Austin Barbell,Male,85,190.0,11,Blue,"2026 Virus Weightlifting Series 2, Powered by Rogue Fitness",False,
1073487,Oswaldo Chavez,25.0,Unaffiliated,Male,60,160.0,1,Blue,"2026 Virus Weightlifting Series 2, Powered by Rogue Fitness",False,
1061674,Paige Stewart,20.0,Mississippi State University,Female,77,138.0,12,White,"2026 Virus Weightlifting Series 2, Powered by Rogue Fitness",False,
1082154,Paisley Sanders,15.0,Waco Barbell,Female,57,108.0,9,Red,"2026 Virus Weightlifting Series 2, Powered by Rogue Fitness",False,
178626,Patrick Kern,37.0,Unaffiliated,Male,+110,242.0,19,Blue,"2026 Virus Weightlifting Series 2, Powered by Rogue Fitness",False,
1083412,Patti Walkover,72.0,Anchored and Risen Barbell Club,Female,69,70.0,3,White,"2026 Virus Weightlifting Series 2, Powered by Rogue Fitness",False,
1083930,Pepper Williams,8.0,Bull Strength Barbell,Male,32,38.0,8,Blue,"2026 Virus Weightlifting Series 2, Powered by Rogue Fitness",False,
1056003,Peter Bound,27.0,Summit Barbell,Male,95,265.0,18,Red,"2026 Virus Weightlifting Series 2, Powered by Rogue Fitness",False,
1087198,Peter Merlin,74.0,Boulder Weightlifting Club,Male,75,73.0,2,Blue,"2026 Virus Weightlifting Series 2, Powered by Rogue Fitness",False,
190769,Peter Schied,46.0,Tsunami Weightlifting,Male,95,215.0,16,Red,"2026 Virus Weightlifting Series 2, Powered by Rogue Fitness",False,
1015486,Pilar Bennett,34.0,MILLER WEIGHTLIFTING,Female,69,150.0,6,White,"2026 Virus Weightlifting Series 2, Powered by Rogue Fitness",False,
1076280,Pratima Satish,34.0,Unaffiliated,Female,69,119.0,4,White,"2026 Virus Weightlifting Series 2, Powered by Rogue Fitness",False,
1066642,Preston Tickner,30.0,No Te Rajes Barbell,Male,95,250.0,18,Red,"2026 Virus Weightlifting Series 2, Powered by Rogue Fitness",False,
1031916,Rachael Ruiz,33.0,Stomp Weightlifting,Female,77,145.0,12,White,"2026 Virus Weightlifting Series 2, Powered by Rogue Fitness",False,
1029269,Rachel Teran,35.0,Iron Grit Barbell,Female,61,143.0,6,Blue,"2026 Virus Weightlifting Series 2, Powered by Rogue Fitness",False,
1072221,Raelynn Mergen,12.0,ALLSOUTH Barbell,Female,45,55.0,8,Red,"2026 Virus Weightlifting Series 2, Powered by Rogue Fitness",False,
1003137,Reba Burns,35.0,Fourteen Forty Collective,Female,69,185.0,7,White,"2026 Virus Weightlifting Series 2, Powered by Rogue Fitness",False,
218544,Rebecca Anderson,46.0,Catalyst Masters,Female,57,120.0,4,Red,"2026 Virus Weightlifting Series 2, Powered by Rogue Fitness",False,
1081868,Rebecca Gaden,17.0,New Smyrna Beach Barbell club,Female,61,138.0,9,Blue,"2026 Virus Weightlifting Series 2, Powered by Rogue Fitness",False,
1043767,Rebecca Harper,33.0,Harpoon Stone & Barbell Club,Female,+86,140.0,18,White,"2026 Virus Weightlifting Series 2, Powered by Rogue Fitness",False,
206582,Rebecca Rouse,35.0,Spoon Barbell Club,Female,69,180.0,7,White,"2026 Virus Weightlifting Series 2, Powered by Rogue Fitness",False,
1084266,Rebecca Ruiz,34.0,Hunger in the Wild,Female,+86,140.0,18,White,"2026 Virus Weightlifting Series 2, Powered by Rogue Fitness",False,
1083237,Rebekah Gedick,16.0,Unaffiliated,Female,77,115.0,12,Red,"2026 Virus Weightlifting Series 2, Powered by Rogue Fitness",False,
1060135,Reece Robinson,16.0,Beyond The Barbell,Female,61,155.0,9,Blue,"2026 Virus Weightlifting Series 2, Powered by Rogue Fitness",False,
1086525,Reg Van,43.0,Oppose Gravity,Male,110,210.0,16,Blue,"2026 Virus Weightlifting Series 2, Powered by Rogue Fitness",False,
1086650,Richard Hernandez,30.0,PWRBLD Barbell Club,Male,+110,220.0,19,Blue,"2026 Virus Weightlifting Series 2, Powered by Rogue Fitness",False,
1041025,Richard Stewart,49.0,Unaffiliated,Male,95,190.0,16,Red,"2026 Virus Weightlifting Series 2, Powered by Rogue Fitness",False,
1082087,Riley Sawdon,22.0,Unaffiliated,Male,95,230.0,17,Red,"2026 Virus Weightlifting Series 2, Powered by Rogue Fitness",False,
1083867,Roberto Padron,18.0,Iron Brotherhood,Male,85,240.0,13,Blue,"2026 Virus Weightlifting Series 2, Powered by Rogue Fitness",False,
1064314,Robert Rosenqvist,51.0,Unaffiliated,Male,75,145.0,2,Blue,"2026 Virus Weightlifting Series 2, Powered by Rogue Fitness",False,
1018110,Roddy Chim,45.0,Strong Weightlifting,Male,95,210.0,16,Red,"2026 Virus Weightlifting Series 2, Powered by Rogue Fitness",False,
1003625,Rodger Delany,60.0,Spoon Barbell Club,Male,70,123.0,2,Red,"2026 Virus Weightlifting Series 2, Powered by Rogue Fitness",False,
1066450,Rosanna Sansone,56.0,Marin Heavy Athletics,Female,57,130.0,4,Red,"2026 Virus Weightlifting Series 2, Powered by Rogue Fitness",False,
1062105,Roy Maher,18.0,ALLSOUTH Barbell,Male,75,290.0,11,Red,"2026 Virus Weightlifting Series 2, Powered by Rogue Fitness",False,
1084197,Rusti Sparks,60.0,Vektløfter Barbell,Female,86,62.0,15,White,"2026 Virus Weightlifting Series 2, Powered by Rogue Fitness",False,
172428,Ryan Hansen,42.0,Warwick Weightlifting Club,Male,110,270.0,20,Red,"2026 Virus Weightlifting Series 2, Powered by Rogue Fitness",False,
1084617,Ryan Molina,16.0,Iron Brotherhood,Male,60,135.0,13,Red,"2026 Virus Weightlifting Series 2, Powered by Rogue Fitness",False,
1082453,Ryan Neece,46.0,Unaffiliated,Male,110,180.0,16,Blue,"2026 Virus Weightlifting Series 2, Powered by Rogue Fitness",False,
1075302,Ryan Newton,25.0,DSP Barbell Club,Male,+110,270.0,20,White,"2026 Virus Weightlifting Series 2, Powered by Rogue Fitness",False,
1062083,Ryland Dutton,15.0,Waco Barbell,Male,60,140.0,10,Red,"2026 Virus Weightlifting Series 2, Powered by Rogue Fitness",False,
1046272,Sadie Hayhoe,17.0,Nashville Weightlifting Club,Female,57,0.0,9,Blue,"2026 Virus Weightlifting Series 2, Powered by Rogue Fitness",False,
1032049,Samantha Neal,34.0,Houston Weightlifting Academy,Female,69,132.0,5,White,"2026 Virus Weightlifting Series 2, Powered by Rogue Fitness",False,
1083874,Samantha Russo,29.0,MURDER OF CROWS,Female,61,120.0,5,Blue,"2026 Virus Weightlifting Series 2, Powered by Rogue Fitness",False,
1073350,Samuel Sissman,22.0,Houston Weightlifting Academy,Male,+110,250.0,19,Blue,"2026 Virus Weightlifting Series 2, Powered by Rogue Fitness",False,
1030610,Samuel Starkey,68.0,Stomp Weightlifting,Male,95,130.0,15,Red,"2026 Virus Weightlifting Series 2, Powered by Rogue Fitness",False,
1078163,Sarah Grant,43.0,Annex Weightlifting,Female,86,142.0,17,White,"2026 Virus Weightlifting Series 2, Powered by Rogue Fitness",False,
1083227,Sarah Johnson,34.0,Blackheart Barbell,Female,86,135.0,17,White,"2026 Virus Weightlifting Series 2, Powered by Rogue Fitness",False,
1029025,Sarah Uschmann,22.0,Unaffiliated,Female,+86,210.0,19,White,"2026 Virus Weightlifting Series 2, Powered by Rogue Fitness",False,
185764,Sarah Whatley,36.0,TEXAS BARBELL CLUB,Female,61,140.0,6,Blue,"2026 Virus Weightlifting Series 2, Powered by Rogue Fitness",False,
1078118,Sasha McClain,17.0,Favorite Barbell Club,Female,69,90.0,12,Red,"2026 Virus Weightlifting Series 2, Powered by Rogue Fitness",False,
1063752,Savannah Bolden,20.0,LSU - Shreveport,Female,69,165.0,6,White,"2026 Virus Weightlifting Series 2, Powered by Rogue Fitness",False,
1087344,Sawyer Willis,15.0,Unaffiliated,Male,60,130.0,10,Red,"2026 Virus Weightlifting Series 2, Powered by Rogue Fitness",False,
1056069,Sayvanna SFabian,32.0,POWER AND GRACE PERFORMANCE.,Female,+86,165.0,18,White,"2026 Virus Weightlifting Series 2, Powered by Rogue Fitness",False,
1076596,Sean Hoover,34.0,Spoon Barbell Club,Male,110,275.0,20,Red,"2026 Virus Weightlifting Series 2, Powered by Rogue Fitness",False,
1057361,Sean McClanahan,31.0,BlueWave Weightlifting,Male,85,215.0,12,Blue,"2026 Virus Weightlifting Series 2, Powered by Rogue Fitness",False,
1076323,Sebastian Stodel,18.0,Virtue Weightlifting,Male,65,250.0,3,Blue,"2026 Virus Weightlifting Series 2, Powered by Rogue Fitness",False,
1069814,Seth Chart,39.0,RVA Weightlifting,Male,95,200.0,16,Red,"2026 Virus Weightlifting Series 2, Powered by Rogue Fitness",False,
1074950,Shamil Parbhoo,39.0,Lupo Barbell Club,Male,70,195.0,2,Red,"2026 Virus Weightlifting Series 2, Powered by Rogue Fitness",False,
1056319,Shannon Sanchez,61.0,Pilchuck Barbell,Female,77,60.0,9,White,"2026 Virus Weightlifting Series 2, Powered by Rogue Fitness",False,
1046402,SHEAFFER SMITH,29.0,Pure Health Barbell,Male,95,290.0,19,Red,"2026 Virus Weightlifting Series 2, Powered by Rogue Fitness",False,
1078909,Sherry Chen,24.0,Unaffiliated,Female,77,131.0,11,White,"2026 Virus Weightlifting Series 2, Powered by Rogue Fitness",False,
1074483,Shiven Bharol,20.0,Unaffiliated,Male,65,175.0,1,Blue,"2026 Virus Weightlifting Series 2, Powered by Rogue Fitness",False,
1011043,Sid Florendo,47.0,Long Beach Weightlifting,Male,70,180.0,2,Red,"2026 Virus Weightlifting Series 2, Powered by Rogue Fitness",False,
1033293,simon san,42.0,Unaffiliated,Male,85,168.0,10,Blue,"2026 Virus Weightlifting Series 2, Powered by Rogue Fitness",False,
1078108,sofia kokorina,17.0,Ritual Weightlifting,Female,69,150.0,12,Red,"2026 Virus Weightlifting Series 2, Powered by Rogue Fitness",False,
1078727,Sophia Rizzuto,28.0,MURDER OF CROWS,Female,61,123.0,5,Blue,"2026 Virus Weightlifting Series 2, Powered by Rogue Fitness",False,
1083011,Sophie Simon,38.0,Unaffiliated,Female,69,175.0,7,White,"2026 Virus Weightlifting Series 2, Powered by Rogue Fitness",False,
1036496,Starla Toto,26.0,West Coast Weightlifting,Female,69,150.0,6,White,"2026 Virus Weightlifting Series 2, Powered by Rogue Fitness",False,
1084008,Stefano Cataldi,23.0,Houston Weightlifting Academy,Male,95,306.0,19,Red,"2026 Virus Weightlifting Series 2, Powered by Rogue Fitness",False,
1084864,Stella Goodlaxson,14.0,Vektløfter Barbell,Female,61,62.0,9,Red,"2026 Virus Weightlifting Series 2, Powered by Rogue Fitness",False,
1080272,Stephanie Kuehne,38.0,Ritual Weightlifting,Female,61,170.0,7,Blue,"2026 Virus Weightlifting Series 2, Powered by Rogue Fitness",False,
1024371,Stephanie Langdon,38.0,Wolf Pack Weightlifting,Female,57,116.0,2,White,"2026 Virus Weightlifting Series 2, Powered by Rogue Fitness",False,
1063238,Stephanie Moore,35.0,Vektløfter Barbell,Female,57,139.0,4,Red,"2026 Virus Weightlifting Series 2, Powered by Rogue Fitness",False,
1071001,Stephanie Sides,39.0,Stonehenge Weightlifting,Female,77,120.0,11,White,"2026 Virus Weightlifting Series 2, Powered by Rogue Fitness",False,
1044235,Stephany Wilson,34.0,Unaffiliated,Female,61,140.0,6,Blue,"2026 Virus Weightlifting Series 2, Powered by Rogue Fitness",False,
123591,Steve Nicholls,57.0,Unaffiliated,Male,110,230.0,17,Blue,"2026 Virus Weightlifting Series 2, Powered by Rogue Fitness",False,
1082241,Sumedh Seetharam,20.0,TEXAS BARBELL CLUB,Male,70,150.0,2,Red,"2026 Virus Weightlifting Series 2, Powered by Rogue Fitness",False,
1049401,Susan Gerhard,60.0,THE SPORTS PALACE,Female,57,98.0,1,White,"2026 Virus Weightlifting Series 2, Powered by Rogue Fitness",False,
1083676,Sydney Boon,10.0,Pure Health Barbell,Female,37,30.0,8,Red,"2026 Virus Weightlifting Series 2, Powered by Rogue Fitness",False,
1020740,Sydney Meyer,27.0,Strong Weightlifting,Female,69,160.0,6,White,"2026 Virus Weightlifting Series 2, Powered by Rogue Fitness",False,
1072712,Tasha Roach,33.0,Spoon Barbell Club,Female,+86,170.0,19,White,"2026 Virus Weightlifting Series 2, Powered by Rogue Fitness",False,
1076228,Taylyn Slater,18.0,TEAM HOUSTON,Female,57,142.0,4,Red,"2026 Virus Weightlifting Series 2, Powered by Rogue Fitness",False,
1068406,Tea Gluhak,44.0,Bexar Barbell,Female,61,125.0,5,Blue,"2026 Virus Weightlifting Series 2, Powered by Rogue Fitness",False,
1087166,Ted Chao,40.0,Intrepid Weightlifting Club,Male,95,170.0,15,Red,"2026 Virus Weightlifting Series 2, Powered by Rogue Fitness",False,
1078739,Telma Rodriguez,35.0,Houston Weightlifting Academy,Female,69,160.0,6,White,"2026 Virus Weightlifting Series 2, Powered by Rogue Fitness",False,
1057067,Teresa Garza,43.0,Austin Barbell,Female,61,132.0,6,Blue,"2026 Virus Weightlifting Series 2, Powered by Rogue Fitness",False,
1070933,Thomas Bell,30.0,Unaffiliated,Male,70,185.0,2,Red,"2026 Virus Weightlifting Series 2, Powered by Rogue Fitness",False,
162225,Thomas Hyland,51.0,Team Juanatas-Bowens,Male,85,212.0,12,Blue,"2026 Virus Weightlifting Series 2, Powered by Rogue Fitness",False,
1083414,Thomas Lester,22.0,Missouri Valley College Weightlifting,Male,85,186.0,11,Blue,"2026 Virus Weightlifting Series 2, Powered by Rogue Fitness",False,
1047374,Thomas Osborne,27.0,Bexar Barbell,Male,85,255.0,14,Blue,"2026 Virus Weightlifting Series 2, Powered by Rogue Fitness",False,
1077268,Timberly Covert,13.0,Pure Health Barbell,Female,45,89.0,8,Red,"2026 Virus Weightlifting Series 2, Powered by Rogue Fitness",False,
1081750,Timmy Huynh,24.0,TEXAS BARBELL CLUB,Male,75,185.0,6,Red,"2026 Virus Weightlifting Series 2, Powered by Rogue Fitness",False,
206626,Timothy Clouatre,42.0,Unaffiliated,Male,+110,270.0,20,White,"2026 Virus Weightlifting Series 2, Powered by Rogue Fitness",False,
1081878,Tina Ramirez,41.0,POWER AND GRACE PERFORMANCE.,Female,69,170.0,7,White,"2026 Virus Weightlifting Series 2, Powered by Rogue Fitness",False,
187643,Tom Maher,55.0,TEXAS BARBELL CLUB,Male,85,167.0,10,Blue,"2026 Virus Weightlifting Series 2, Powered by Rogue Fitness",False,
1077613,Trace Brown,11.0,Memento Strength Club,Male,36,65.0,8,Blue,"2026 Virus Weightlifting Series 2, Powered by Rogue Fitness",False,
1048691,Tracy Solis,45.0,No Te Rajes Barbell,Female,57,93.0,1,White,"2026 Virus Weightlifting Series 2, Powered by Rogue Fitness",False,
140636,Travis Cooper,38.0,Rising Tide Weightlifting,Male,70,290.0,5,Red,"2026 Virus Weightlifting Series 2, Powered by Rogue Fitness",False,
1078874,Treva Jones,36.0,Unaffiliated,Female,86,130.0,16,White,"2026 Virus Weightlifting Series 2, Powered by Rogue Fitness",False,
1073978,Tristan Wisner,35.0,BARBARIAN BARBELL CLUB,Male,85,260.0,14,Blue,"2026 Virus Weightlifting Series 2, Powered by Rogue Fitness",False,
1060304,Tyler Birkla,24.0,Unaffiliated,Male,95,280.0,19,Red,"2026 Virus Weightlifting Series 2, Powered by Rogue Fitness",False,
1087658,Tyler Lambert,17.0,Unaffiliated,Male,75,180.0,13,Red,"2026 Virus Weightlifting Series 2, Powered by Rogue Fitness",False,
1006113,Urbana Sepulveda,44.0,Unaffiliated,Female,+86,150.0,18,White,"2026 Virus Weightlifting Series 2, Powered by Rogue Fitness",False,
1042921,Valeria Arellano,23.0,Unaffiliated,Female,69,148.0,5,White,"2026 Virus Weightlifting Series 2, Powered by Rogue Fitness",False,
1086856,Valerie Cunningham,45.0,Unaffiliated,Female,77,110.0,10,White,"2026 Virus Weightlifting Series 2, Powered by Rogue Fitness",False,
1015990,Valerie Greenslade,50.0,Oly Concepts,Female,61,138.0,6,Blue,"2026 Virus Weightlifting Series 2, Powered by Rogue Fitness",False,
1015849,Valerie Thomas,30.0,Unaffiliated,Female,61,130.0,6,Blue,"2026 Virus Weightlifting Series 2, Powered by Rogue Fitness",False,
1064475,Victor Martin,24.0,Bulldog Weightlifting Club,Male,70,225.0,5,Red,"2026 Virus Weightlifting Series 2, Powered by Rogue Fitness",False,
1081001,Vinh Hoang,32.0,Vice Weightlifting,Male,95,228.0,17,Red,"2026 Virus Weightlifting Series 2, Powered by Rogue Fitness",False,
1061994,Violet Hayhoe,12.0,Nashville Weightlifting Club,Female,45,0.0,8,Red,"2026 Virus Weightlifting Series 2, Powered by Rogue Fitness",False,
1081520,Virginia Holloway,19.0,CHFP WEIGHTLIFTING CLUB,Female,86,185.0,18,Blue,"2026 Virus Weightlifting Series 2, Powered by Rogue Fitness",False,
1074018,Viviana Pacheco,23.0,BlueWave Weightlifting,Female,77,125.0,11,White,"2026 Virus Weightlifting Series 2, Powered by Rogue Fitness",False,
1069931,wai yu,42.0,Mach10 Weightlifting Club,Male,85,0.0,10,Blue,"2026 Virus Weightlifting Series 2, Powered by Rogue Fitness",False,
1059708,Walker Stanley,15.0,TEAM HOUSTON,Male,+95,230.0,10,Red,"2026 Virus Weightlifting Series 2, Powered by Rogue Fitness",False,
1077270,Wednesday Hackleman,11.0,Memento Strength Club,Female,+61,85.0,8,White,"2026 Virus Weightlifting Series 2, Powered by Rogue Fitness",False,
1082820,Wenyu Tseng,36.0,Standard Strength,Female,69,100.0,3,White,"2026 Virus Weightlifting Series 2, Powered by Rogue Fitness",False,
1078373,Wesley Cross,44.0,Iron Grit Barbell,Male,95,175.0,15,Red,"2026 Virus Weightlifting Series 2, Powered by Rogue Fitness",False,
1083469,William Conaton,21.0,Unaffiliated,Male,95,216.0,16,Red,"2026 Virus Weightlifting Series 2, Powered by Rogue Fitness",False,
1071135,WILLIE SKLAROFF,75.0,Exclusive Club Weightlifting,Male,85,78.0,10,Blue,"2026 Virus Weightlifting Series 2, Powered by Rogue Fitness",False,
187380782,WILLIE SKLAROFF,75.0,Exclusive Club Weightlifting,Male,85,78.0,10,Blue,"2026 Virus Weightlifting Series 2, Powered by Rogue Fitness",False,
1075912,Wyatt Kight,16.0,Beyond The Barbell,Male,+95,215.0,14,Red,"2026 Virus Weightlifting Series 2, Powered by Rogue Fitness",False,
1059447,Wynter Montgomery,19.0,LSU - Shreveport,Female,69,165.0,6,White,"2026 Virus Weightlifting Series 2, Powered by Rogue Fitness",False,
1066488,Xaiden Shultz,18.0,ECLIPSE BARBELL CLUB,Male,85,270.0,14,Blue,"2026 Virus Weightlifting Series 2, Powered by Rogue Fitness",False,
1086713,Yachinda Katili,39.0,BlueWave Weightlifting,Female,53,96.0,1,Red,"2026 Virus Weightlifting Series 2, Powered by Rogue Fitness",False,
1058608,Yetunde Olayinka,36.0,MURDER OF CROWS,Female,+86,165.0,18,White,"2026 Virus Weightlifting Series 2, Powered by Rogue Fitness",False,
1074185,Yifen Jen,33.0,Standard Strength,Female,77,157.0,13,White,"2026 Virus Weightlifting Series 2, Powered by Rogue Fitness",False,
1069538,Yifu Xiao,35.0,Unaffiliated,Male,85,215.0,12,Blue,"2026 Virus Weightlifting Series 2, Powered by Rogue Fitness",False,
1087117,Yukari Furuchi,23.0,EAST COAST GOLD W/L TEAM,Female,49,89.0,1,Red,"2026 Virus Weightlifting Series 2, Powered by Rogue Fitness",False,
1023445,Yuliana Lopez,26.0,Sanctuary Barbell,Female,69,179.0,7,White,"2026 Virus Weightlifting Series 2, Powered by Rogue Fitness",False,
1078616,Yvonne Guajardo,32.0,Vektløfter Barbell,Female,77,120.0,11,White,"2026 Virus Weightlifting Series 2, Powered by Rogue Fitness",False,
1078822,Zachary Brown,30.0,Unaffiliated,Male,110,256.0,17,Blue,"2026 Virus Weightlifting Series 2, Powered by Rogue Fitness",False,
1085262,Zhen (Jun) Yu,30.0,Unaffiliated,Female,57,88.0,1,White,"2026 Virus Weightlifting Series 2, Powered by Rogue Fitness",False,
1071427,Zoe Macias,17.0,Houston Weightlifting Academy,Female,53,100.0,9,Blue,"2026 Virus Weightlifting Series 2, Powered by Rogue Fitness",False,
